CONIPHER_mut_id	mutation_id
1_1838755_G_A	1_1838755_rG_aA
1_1870096_A_T	1_1870096_rA_aT
1_3039853_G_T	1_3039853_rG_aT
1_4086032_G_T	1_4086032_rG_aT
1_4353866_C_T	1_4353866_rC_aT
1_4455373_G_A	1_4455373_rG_aA
1_4482844_C_T	1_4482844_rC_aT
1_5104742_G_C	1_5104742_rG_aC
1_5265618_C_T	1_5265618_rC_aT
1_7462974_G_A	1_7462974_rG_aA
1_7807248_G_A	1_7807248_rG_aA
1_17384616_G_C	1_17384616_rG_aC
1_18589072_G_A	1_18589072_rG_aA
1_22527679_T_G	1_22527679_rT_aG
1_23589833_G_A	1_23589833_rG_aA
1_26122909_G_A	1_26122909_rG_aA
1_27916729_G_A	1_27916729_rG_aA
1_27916730_C_A	1_27916730_rC_aA
1_32717623_G_A	1_32717623_rG_aA
1_33117773_C_T	1_33117773_rC_aT
1_33568748_C_T	1_33568748_rC_aT
1_34644934_C_T	1_34644934_rC_aT
1_34655816_C_A	1_34655816_rC_aA
1_35003938_C_T	1_35003938_rC_aT
1_36624101_C_T	1_36624101_rC_aT
1_37233739_T_C	1_37233739_rT_aC
1_42402441_C_T	1_42402441_rC_aT
1_43249529_G_A	1_43249529_rG_aA
1_43548654_G_T	1_43548654_rG_aT
1_43595518_G_T	1_43595518_rG_aT
1_47917724_A_C	1_47917724_rA_aC
1_48228992_C_T	1_48228992_rC_aT
1_49350136_G_T	1_49350136_rG_aT
1_49411132_G_T	1_49411132_rG_aT
1_49597385_G_A	1_49597385_rG_aA
1_49798343_C_A	1_49798343_rC_aA
1_49903449_G_T	1_49903449_rG_aT
1_50095759_T_C	1_50095759_rT_aC
1_50228991_C_A	1_50228991_rC_aA
1_56034338_G_A	1_56034338_rG_aA
1_57916260_G_A	1_57916260_rG_aA
1_62847959_G_A	1_62847959_rG_aA
1_63797971_A_G	1_63797971_rA_aG
1_65356737_C_A	1_65356737_rC_aA
1_66174813_G_A	1_66174813_rG_aA
1_66377203_T_G	1_66377203_rT_aG
1_68886808_C_T	1_68886808_rC_aT
1_70164178_C_T	1_70164178_rC_aT
1_71817246_G_T	1_71817246_rG_aT
1_72414242_G_T	1_72414242_rG_aT
1_72655504_A_G	1_72655504_rA_aG
1_72813365_T_G	1_72813365_rT_aG
1_73426266_T_A	1_73426266_rT_aA
1_73510567_G_T	1_73510567_rG_aT
1_73718570_G_A	1_73718570_rG_aA
1_74288556_T_C	1_74288556_rT_aC
1_74310234_T_A	1_74310234_rT_aA
1_74765808_A_T	1_74765808_rA_aT
1_75339878_C_A	1_75339878_rC_aA
1_75463371_T_A	1_75463371_rT_aA
1_76024912_A_G	1_76024912_rA_aG
1_77558981_G_A	1_77558981_rG_aA
1_79330466_G_T	1_79330466_rG_aT
1_79532901_G_A	1_79532901_rG_aA
1_79852622_T_G	1_79852622_rT_aG
1_80258938_C_T	1_80258938_rC_aT
1_80532067_G_C	1_80532067_rG_aC
1_81490277_A_G	1_81490277_rA_aG
1_82594353_G_A	1_82594353_rG_aA
1_83565459_G_T	1_83565459_rG_aT
1_86650926_A_G	1_86650926_rA_aG
1_86657149_A_T	1_86657149_rA_aT
1_88434677_G_T	1_88434677_rG_aT
1_90380698_A_G	1_90380698_rA_aG
1_91191214_C_T	1_91191214_rC_aT
1_95213365_T_A	1_95213365_rT_aA
1_96240711_C_T	1_96240711_rC_aT
1_96589397_C_T	1_96589397_rC_aT
1_96794562_G_A	1_96794562_rG_aA
1_98560124_T_A	1_98560124_rT_aA
1_98899351_G_T	1_98899351_rG_aT
1_98956404_C_A	1_98956404_rC_aA
1_100094543_C_G	1_100094543_rC_aG
1_102512467_C_T	1_102512467_rC_aT
1_103161051_G_T	1_103161051_rG_aT
1_105088702_T_G	1_105088702_rT_aG
1_106528555_T_C	1_106528555_rT_aC
1_106610113_T_G	1_106610113_rT_aG
1_106976313_G_T	1_106976313_rG_aT
1_107299204_G_C	1_107299204_rG_aC
1_107490156_T_C	1_107490156_rT_aC
1_107571228_A_T	1_107571228_rA_aT
1_107963269_T_C	1_107963269_rT_aC
1_108191443_C_A	1_108191443_rC_aA
1_108417098_A_G	1_108417098_rA_aG
1_111854262_C_T	1_111854262_rC_aT
1_114835251_C_T	1_114835251_rC_aT
1_115756477_G_C	1_115756477_rG_aC
1_115940127_T_C	1_115940127_rT_aC
1_115989472_C_T	1_115989472_rC_aT
1_116005434_C_T	1_116005434_rC_aT
1_120240724_A_T	1_120240724_rA_aT
1_145575797_C_T	1_145575797_rC_aT
1_150318779_G_T	1_150318779_rG_aT
1_152293010_G_T	1_152293010_rG_aT
1_153230670_C_T	1_153230670_rC_aT
1_158486571_C_A	1_158486571_rC_aA
1_159279625_A_G	1_159279625_rA_aG
1_159565395_T_C	1_159565395_rT_aC
1_164390952_G_C	1_164390952_rG_aC
1_174537288_C_G	1_174537288_rC_aG
1_175851097_C_G	1_175851097_rC_aG
1_183537982_C_T	1_183537982_rC_aT
1_183801071_G_A	1_183801071_rG_aA
1_184310346_C_G	1_184310346_rC_aG
1_186119535_T_G	1_186119535_rT_aG
1_186223871_T_A	1_186223871_rT_aA
1_187895682_G_A	1_187895682_rG_aA
1_187956707_G_T	1_187956707_rG_aT
1_188134645_T_C	1_188134645_rT_aC
1_188347975_A_T	1_188347975_rA_aT
1_188612431_T_C	1_188612431_rT_aC
1_188778518_C_A	1_188778518_rC_aA
1_189681743_T_G	1_189681743_rT_aG
1_190811500_C_T	1_190811500_rC_aT
1_193704106_G_A	1_193704106_rG_aA
1_194634327_A_G	1_194634327_rA_aG
1_195312175_A_C	1_195312175_rA_aC
1_195536714_C_G	1_195536714_rC_aG
1_196066034_C_A	1_196066034_rC_aA
1_196394225_G_C	1_196394225_rG_aC
1_197373741_A_G	1_197373741_rA_aG
1_200703854_A_G	1_200703854_rA_aG
1_204791540_G_A	1_204791540_rG_aA
1_205288899_G_T	1_205288899_rG_aT
1_208275605_C_T	1_208275605_rC_aT
1_208522855_G_T	1_208522855_rG_aT
1_208742333_C_T	1_208742333_rC_aT
1_212362648_G_C	1_212362648_rG_aC
1_213861556_C_T	1_213861556_rC_aT
1_214409700_C_A	1_214409700_rC_aA
1_217959710_A_C	1_217959710_rA_aC
1_220100225_G_A	1_220100225_rG_aA
1_221853128_A_G	1_221853128_rA_aG
1_222011478_A_T	1_222011478_rA_aT
1_231191484_C_A	1_231191484_rC_aA
1_232023624_T_C	1_232023624_rT_aC
1_232059592_C_T	1_232059592_rC_aT
1_240165357_C_T	1_240165357_rC_aT
1_242701770_G_A	1_242701770_rG_aA
1_242990503_G_T	1_242990503_rG_aT
1_245997638_T_A	1_245997638_rT_aA
1_246045118_G_A	1_246045118_rG_aA
1_246701980_T_C	1_246701980_rT_aC
1_247379644_C_A	1_247379644_rC_aA
2_3070248_G_A	2_3070248_rG_aA
2_3073301_G_A	2_3073301_rG_aA
2_3452679_G_T	2_3452679_rG_aT
2_4133626_A_T	2_4133626_rA_aT
2_4190265_T_A	2_4190265_rT_aA
2_4614330_G_A	2_4614330_rG_aA
2_5375287_C_A	2_5375287_rC_aA
2_6479119_G_T	2_6479119_rG_aT
2_6744840_C_A	2_6744840_rC_aA
2_7198608_G_T	2_7198608_rG_aT
2_12075224_C_T	2_12075224_rC_aT
2_13699870_C_G	2_13699870_rC_aG
2_14776061_G_T	2_14776061_rG_aT
2_17829419_G_T	2_17829419_rG_aT
2_18964740_C_A	2_18964740_rC_aA
2_20329321_G_T	2_20329321_rG_aT
2_20502375_T_C	2_20502375_rT_aC
2_21628880_A_G	2_21628880_rA_aG
2_21800852_G_A	2_21800852_rG_aA
2_22465892_T_C	2_22465892_rT_aC
2_22668238_G_A	2_22668238_rG_aA
2_22704082_A_C	2_22704082_rA_aC
2_23170855_G_A	2_23170855_rG_aA
2_26319150_C_T	2_26319150_rC_aT
2_28932357_G_A	2_28932357_rG_aA
2_40345092_G_A	2_40345092_rG_aA
2_45933649_G_A	2_45933649_rG_aA
2_50000031_C_G	2_50000031_rC_aG
2_50403351_G_T	2_50403351_rG_aT
2_50991535_A_C	2_50991535_rA_aC
2_51895388_T_A	2_51895388_rT_aA
2_52435985_A_G	2_52435985_rA_aG
2_54754700_T_C	2_54754700_rT_aC
2_57251396_G_T	2_57251396_rG_aT
2_57938575_C_G	2_57938575_rC_aG
2_60086259_G_C	2_60086259_rG_aC
2_66691084_A_G	2_66691084_rA_aG
2_76143907_C_T	2_76143907_rC_aT
2_77504344_T_A	2_77504344_rT_aA
2_77504345_C_T	2_77504345_rC_aT
2_77652640_G_C	2_77652640_rG_aC
2_77652660_G_A	2_77652660_rG_aA
2_77652878_G_C	2_77652878_rG_aC
2_78690610_C_T	2_78690610_rC_aT
2_78691517_C_T	2_78691517_rC_aT
2_81127169_T_A	2_81127169_rT_aA
2_81737306_C_T	2_81737306_rC_aT
2_81759378_A_T	2_81759378_rA_aT
2_82360548_C_A	2_82360548_rC_aA
2_82613504_T_A	2_82613504_rT_aA
2_82833167_C_T	2_82833167_rC_aT
2_82852669_G_T	2_82852669_rG_aT
2_83768255_A_G	2_83768255_rA_aG
2_86706910_C_T	2_86706910_rC_aT
2_86788254_G_T	2_86788254_rG_aT
2_100300854_C_G	2_100300854_rC_aG
2_103032025_G_A	2_103032025_rG_aA
2_104370358_T_G	2_104370358_rT_aG
2_107361532_C_A	2_107361532_rC_aA
2_107587165_C_T	2_107587165_rC_aT
2_108656772_C_A	2_108656772_rC_aA
2_111503043_G_A	2_111503043_rG_aA
2_114036502_C_T	2_114036502_rC_aT
2_114892049_C_T	2_114892049_rC_aT
2_115369445_G_T	2_115369445_rG_aT
2_116343262_C_T	2_116343262_rC_aT
2_116376449_G_T	2_116376449_rG_aT
2_116956482_C_T	2_116956482_rC_aT
2_117806394_A_G	2_117806394_rA_aG
2_118094206_G_A	2_118094206_rG_aA
2_119603588_A_T	2_119603588_rA_aT
2_119679243_C_A	2_119679243_rC_aA
2_119888831_A_C	2_119888831_rA_aC
2_120622685_T_C	2_120622685_rT_aC
2_122685133_T_C	2_122685133_rT_aC
2_123397041_G_T	2_123397041_rG_aT
2_123754024_A_C	2_123754024_rA_aC
2_124934211_T_C	2_124934211_rT_aC
2_125626547_G_T	2_125626547_rG_aT
2_125813050_A_T	2_125813050_rA_aT
2_125902923_C_T	2_125902923_rC_aT
2_125988746_A_T	2_125988746_rA_aT
2_126325921_T_C	2_126325921_rT_aC
2_126683892_G_C	2_126683892_rG_aC
2_127243130_C_T	2_127243130_rC_aT
2_128177672_C_T	2_128177672_rC_aT
2_129997327_C_T	2_129997327_rC_aT
2_130583526_A_G	2_130583526_rA_aG
2_131022194_C_G	2_131022194_rC_aG
2_131915529_C_T	2_131915529_rC_aT
2_136887465_C_T	2_136887465_rC_aT
2_137852963_A_G	2_137852963_rA_aG
2_139499747_G_T	2_139499747_rG_aT
2_139594290_G_A	2_139594290_rG_aA
2_141057637_C_G	2_141057637_rC_aG
2_143004924_G_A	2_143004924_rG_aA
2_143200967_T_A	2_143200967_rT_aA
2_146075691_T_A	2_146075691_rT_aA
2_146669626_T_A	2_146669626_rT_aA
2_146744630_T_A	2_146744630_rT_aA
2_147953525_G_C	2_147953525_rG_aC
2_148308839_G_A	2_148308839_rG_aA
2_150715673_T_A	2_150715673_rT_aA
2_151376693_G_A	2_151376693_rG_aA
2_151529956_T_G	2_151529956_rT_aG
2_152578133_T_C	2_152578133_rT_aC
2_155369391_G_T	2_155369391_rG_aT
2_160024148_G_A	2_160024148_rG_aA
2_160620222_C_T	2_160620222_rC_aT
2_161109692_T_G	2_161109692_rT_aG
2_163019255_C_A	2_163019255_rC_aA
2_163389571_G_T	2_163389571_rG_aT
2_163779446_G_C	2_163779446_rG_aC
2_164784525_G_A	2_164784525_rG_aA
2_165634239_C_A	2_165634239_rC_aA
2_167692391_A_G	2_167692391_rA_aG
2_169094882_T_A	2_169094882_rT_aA
2_169340287_C_T	2_169340287_rC_aT
2_170821238_T_G	2_170821238_rT_aG
2_170822701_A_G	2_170822701_rA_aG
2_172262332_G_A	2_172262332_rG_aA
2_172921212_G_T	2_172921212_rG_aT
2_173545542_C_T	2_173545542_rC_aT
2_180440877_C_T	2_180440877_rC_aT
2_180674531_T_C	2_180674531_rT_aC
2_182854023_T_C	2_182854023_rT_aC
2_183119741_G_T	2_183119741_rG_aT
2_184672501_C_T	2_184672501_rC_aT
2_185721967_G_T	2_185721967_rG_aT
2_191270530_T_C	2_191270530_rT_aC
2_193283081_A_G	2_193283081_rA_aG
2_193796715_T_C	2_193796715_rT_aC
2_195171620_G_T	2_195171620_rG_aT
2_195891600_C_T	2_195891600_rC_aT
2_199198875_C_G	2_199198875_rC_aG
2_199646082_G_T	2_199646082_rG_aT
2_203002500_G_A	2_203002500_rG_aA
2_206787839_C_T	2_206787839_rC_aT
2_209588627_A_G	2_209588627_rA_aG
2_210973181_A_C	2_210973181_rA_aC
2_213771680_T_C	2_213771680_rT_aC
2_219398074_A_C	2_219398074_rA_aC
2_221069015_G_A	2_221069015_rG_aA
2_226157845_C_A	2_226157845_rC_aA
2_226717665_C_T	2_226717665_rC_aT
2_227908196_C_A	2_227908196_rC_aA
2_229148228_G_A	2_229148228_rG_aA
2_229264830_T_A	2_229264830_rT_aA
2_229741649_G_A	2_229741649_rG_aA
2_229881105_C_A	2_229881105_rC_aA
2_229967963_G_C	2_229967963_rG_aC
2_233002087_A_G	2_233002087_rA_aG
2_233789704_T_C	2_233789704_rT_aC
2_239238733_T_G	2_239238733_rT_aG
2_239593593_T_G	2_239593593_rT_aG
3_370525_A_G	3_370525_rA_aG
3_536457_G_A	3_536457_rG_aA
3_830247_C_T	3_830247_rC_aT
3_1826695_C_T	3_1826695_rC_aT
3_2358804_A_T	3_2358804_rA_aT
3_2532727_T_A	3_2532727_rT_aA
3_2601624_C_A	3_2601624_rC_aA
3_2879332_G_A	3_2879332_rG_aA
3_3331697_T_C	3_3331697_rT_aC
3_3884984_A_G	3_3884984_rA_aG
3_5388698_G_T	3_5388698_rG_aT
3_6272668_C_T	3_6272668_rC_aT
3_7339057_A_C	3_7339057_rA_aC
3_11121709_T_C	3_11121709_rT_aC
3_19031234_A_G	3_19031234_rA_aG
3_21077984_T_A	3_21077984_rT_aA
3_21575168_A_C	3_21575168_rA_aC
3_21698118_A_C	3_21698118_rA_aC
3_22707267_T_A	3_22707267_rT_aA
3_25170388_G_A	3_25170388_rG_aA
3_25458315_C_T	3_25458315_rC_aT
3_28137808_T_C	3_28137808_rT_aC
3_28886478_A_C	3_28886478_rA_aC
3_29198670_A_G	3_29198670_rA_aG
3_29949328_C_T	3_29949328_rC_aT
3_29987703_C_T	3_29987703_rC_aT
3_30033426_T_A	3_30033426_rT_aA
3_30737998_A_G	3_30737998_rA_aG
3_34069520_T_C	3_34069520_rT_aC
3_35054119_G_C	3_35054119_rG_aC
3_35159087_T_G	3_35159087_rT_aG
3_35248530_G_A	3_35248530_rG_aA
3_37523898_G_A	3_37523898_rG_aA
3_39294010_C_G	3_39294010_rC_aG
3_47889038_G_A	3_47889038_rG_aA
3_49573012_C_G	3_49573012_rC_aG
3_49837383_C_G	3_49837383_rC_aG
3_55490567_T_A	3_55490567_rT_aA
3_57080159_A_G	3_57080159_rA_aG
3_60279227_C_A	3_60279227_rC_aA
3_60423502_C_A	3_60423502_rC_aA
3_62943268_G_A	3_62943268_rG_aA
3_65561793_T_C	3_65561793_rT_aC
3_67605425_C_T	3_67605425_rC_aT
3_68423637_G_T	3_68423637_rG_aT
3_68424502_C_T	3_68424502_rC_aT
3_68544714_A_G	3_68544714_rA_aG
3_71942120_G_A	3_71942120_rG_aA
3_72085074_G_A	3_72085074_rG_aA
3_76238972_C_A	3_76238972_rC_aA
3_76579443_T_C	3_76579443_rT_aC
3_76781174_C_A	3_76781174_rC_aA
3_78248390_G_A	3_78248390_rG_aA
3_78553735_T_A	3_78553735_rT_aA
3_79303421_C_A	3_79303421_rC_aA
3_79964454_G_C	3_79964454_rG_aC
3_80427493_C_A	3_80427493_rC_aA
3_80606386_A_G	3_80606386_rA_aG
3_80889254_C_T	3_80889254_rC_aT
3_81251528_C_T	3_81251528_rC_aT
3_82336970_T_A	3_82336970_rT_aA
3_82472554_C_A	3_82472554_rC_aA
3_82707336_T_A	3_82707336_rT_aA
3_83850097_C_A	3_83850097_rC_aA
3_83957350_T_A	3_83957350_rT_aA
3_84195102_T_A	3_84195102_rT_aA
3_84744317_T_C	3_84744317_rT_aC
3_84839327_T_A	3_84839327_rT_aA
3_85360375_T_A	3_85360375_rT_aA
3_86125274_T_A	3_86125274_rT_aA
3_86550365_A_G	3_86550365_rA_aG
3_86767867_A_G	3_86767867_rA_aG
3_86820245_A_T	3_86820245_rA_aT
3_87912573_C_A	3_87912573_rC_aA
3_87926536_G_T	3_87926536_rG_aT
3_88548418_A_T	3_88548418_rA_aT
3_89339762_G_T	3_89339762_rG_aT
3_90024839_T_A	3_90024839_rT_aA
3_94029476_T_C	3_94029476_rT_aC
3_94140052_A_G	3_94140052_rA_aG
3_94856219_A_G	3_94856219_rA_aG
3_96513964_C_G	3_96513964_rC_aG
3_97681092_A_C	3_97681092_rA_aC
3_99136484_C_T	3_99136484_rC_aT
3_99439250_C_T	3_99439250_rC_aT
3_99817388_T_G	3_99817388_rT_aG
3_100619977_A_C	3_100619977_rA_aC
3_103925523_C_T	3_103925523_rC_aT
3_104926378_G_A	3_104926378_rG_aA
3_108501829_A_T	3_108501829_rA_aT
3_109492251_A_G	3_109492251_rA_aG
3_112287928_C_G	3_112287928_rC_aG
3_112918017_C_G	3_112918017_rC_aG
3_113814750_C_T	3_113814750_rC_aT
3_115392095_A_T	3_115392095_rA_aT
3_116045322_C_T	3_116045322_rC_aT
3_122006808_G_A	3_122006808_rG_aA
3_124539919_C_T	3_124539919_rC_aT
3_126137269_C_T	3_126137269_rC_aT
3_126296200_A_T	3_126296200_rA_aT
3_127690101_G_C	3_127690101_rG_aC
3_129985708_G_A	3_129985708_rG_aA
3_130203934_C_T	3_130203934_rC_aT
3_134117074_C_T	3_134117074_rC_aT
3_134766489_G_T	3_134766489_rG_aT
3_135513580_G_A	3_135513580_rG_aA
3_137052264_A_G	3_137052264_rA_aG
3_137419038_A_T	3_137419038_rA_aT
3_139909979_G_A	3_139909979_rG_aA
3_144461273_G_A	3_144461273_rG_aA
3_146745327_T_C	3_146745327_rT_aC
3_147035876_A_G	3_147035876_rA_aG
3_147926596_G_C	3_147926596_rG_aC
3_148878640_G_T	3_148878640_rG_aT
3_150771515_G_T	3_150771515_rG_aT
3_151576331_C_A	3_151576331_rC_aA
3_152063970_A_G	3_152063970_rA_aG
3_152225993_T_C	3_152225993_rT_aC
3_152849560_T_A	3_152849560_rT_aA
3_153067044_C_T	3_153067044_rC_aT
3_154289437_G_A	3_154289437_rG_aA
3_154556448_T_G	3_154556448_rT_aG
3_154820188_T_G	3_154820188_rT_aG
3_154909645_G_A	3_154909645_rG_aA
3_155561876_T_C	3_155561876_rT_aC
3_159414785_T_A	3_159414785_rT_aA
3_161388771_C_A	3_161388771_rC_aA
3_163713486_A_C	3_163713486_rA_aC
3_163800858_A_C	3_163800858_rA_aC
3_164198243_A_T	3_164198243_rA_aT
3_165829025_T_A	3_165829025_rT_aA
3_165837459_A_T	3_165837459_rA_aT
3_165904610_G_A	3_165904610_rG_aA
3_165992682_C_T	3_165992682_rC_aT
3_166305632_C_T	3_166305632_rC_aT
3_167041828_T_C	3_167041828_rT_aC
3_167987016_G_A	3_167987016_rG_aA
3_174257157_A_G	3_174257157_rA_aG
3_174314934_C_A	3_174314934_rC_aA
3_174650237_C_T	3_174650237_rC_aT
3_179610201_T_C	3_179610201_rT_aC
3_180054447_C_A	3_180054447_rC_aA
3_183211645_C_T	3_183211645_rC_aT
3_185631067_C_A	3_185631067_rC_aA
3_187463407_G_A	3_187463407_rG_aA
3_188643463_G_T	3_188643463_rG_aT
3_188820083_A_G	3_188820083_rA_aG
3_189446940_G_A	3_189446940_rG_aA
3_191874496_G_A	3_191874496_rG_aA
3_192065294_G_A	3_192065294_rG_aA
3_197006392_C_T	3_197006392_rC_aT
4_499042_G_A	4_499042_rG_aA
4_2517836_G_T	4_2517836_rG_aT
4_2806148_G_A	4_2806148_rG_aA
4_6061790_G_A	4_6061790_rG_aA
4_6068947_C_T	4_6068947_rC_aT
4_8115359_C_T	4_8115359_rC_aT
4_10771992_T_A	4_10771992_rT_aA
4_10794317_A_C	4_10794317_rA_aC
4_11156858_G_T	4_11156858_rG_aT
4_12184878_T_C	4_12184878_rT_aC
4_12190410_G_A	4_12190410_rG_aA
4_12333871_A_T	4_12333871_rA_aT
4_14038075_T_C	4_14038075_rT_aC
4_16572680_C_T	4_16572680_rC_aT
4_19555386_G_A	4_19555386_rG_aA
4_20874122_A_G	4_20874122_rA_aG
4_22258498_G_C	4_22258498_rG_aC
4_22881816_A_T	4_22881816_rA_aT
4_24011589_C_T	4_24011589_rC_aT
4_27545583_C_T	4_27545583_rC_aT
4_28477971_G_C	4_28477971_rG_aC
4_28614226_C_T	4_28614226_rC_aT
4_30114219_A_T	4_30114219_rA_aT
4_30114997_A_T	4_30114997_rA_aT
4_30292166_C_A	4_30292166_rC_aA
4_30334403_A_T	4_30334403_rA_aT
4_31601268_C_A	4_31601268_rC_aA
4_32878442_C_T	4_32878442_rC_aT
4_33315254_C_T	4_33315254_rC_aT
4_33405757_A_G	4_33405757_rA_aG
4_33428967_G_A	4_33428967_rG_aA
4_34144274_C_T	4_34144274_rC_aT
4_35594941_G_C	4_35594941_rG_aC
4_37383363_A_G	4_37383363_rA_aG
4_37965575_G_A	4_37965575_rG_aA
4_40825479_G_T	4_40825479_rG_aT
4_42919969_G_T	4_42919969_rG_aT
4_43013829_G_A	4_43013829_rG_aA
4_43422027_A_G	4_43422027_rA_aG
4_43516769_T_C	4_43516769_rT_aC
4_43711968_T_C	4_43711968_rT_aC
4_44034905_A_T	4_44034905_rA_aT
4_44643068_C_T	4_44643068_rC_aT
4_45573140_C_G	4_45573140_rC_aG
4_45778530_G_T	4_45778530_rG_aT
4_46503488_G_A	4_46503488_rG_aA
4_47103998_C_T	4_47103998_rC_aT
4_54729641_C_A	4_54729641_rC_aA
4_55151756_G_A	4_55151756_rG_aA
4_55366219_A_G	4_55366219_rA_aG
4_55392332_C_T	4_55392332_rC_aT
4_59436004_C_A	4_59436004_rC_aA
4_61311228_A_C	4_61311228_rA_aC
4_61405336_A_T	4_61405336_rA_aT
4_61454684_C_T	4_61454684_rC_aT
4_61662091_G_A	4_61662091_rG_aA
4_63118019_T_A	4_63118019_rT_aA
4_63384131_G_A	4_63384131_rG_aA
4_63448861_A_T	4_63448861_rA_aT
4_63843964_G_T	4_63843964_rG_aT
4_64009409_A_T	4_64009409_rA_aT
4_64274754_T_A	4_64274754_rT_aA
4_64767481_T_A	4_64767481_rT_aA
4_65399501_G_T	4_65399501_rG_aT
4_66017694_C_A	4_66017694_rC_aA
4_66195708_T_C	4_66195708_rT_aC
4_66351540_A_T	4_66351540_rA_aT
4_66353914_A_T	4_66353914_rA_aT
4_66458672_C_T	4_66458672_rC_aT
4_66577043_C_A	4_66577043_rC_aA
4_66585875_G_T	4_66585875_rG_aT
4_66688768_C_T	4_66688768_rC_aT
4_66747825_A_C	4_66747825_rA_aC
4_67053697_G_A	4_67053697_rG_aA
4_67340875_G_C	4_67340875_rG_aC
4_68999041_C_G	4_68999041_rC_aG
4_71501528_T_C	4_71501528_rT_aC
4_72181516_T_C	4_72181516_rT_aC
4_72782430_G_C	4_72782430_rG_aC
4_73086189_T_A	4_73086189_rT_aA
4_75599537_T_C	4_75599537_rT_aC
4_77005545_G_C	4_77005545_rG_aC
4_81222115_G_A	4_81222115_rG_aA
4_81355029_G_A	4_81355029_rG_aA
4_81518332_A_G	4_81518332_rA_aG
4_82117228_C_T	4_82117228_rC_aT
4_84736929_C_A	4_84736929_rC_aA
4_85704717_T_C	4_85704717_rT_aC
4_86879333_G_A	4_86879333_rG_aA
4_87180222_G_T	4_87180222_rG_aT
4_88258188_T_C	4_88258188_rT_aC
4_91637948_C_T	4_91637948_rC_aT
4_92068799_G_T	4_92068799_rG_aT
4_92231082_G_C	4_92231082_rG_aC
4_97362030_G_C	4_97362030_rG_aC
4_98977399_G_C	4_98977399_rG_aC
4_99058721_G_A	4_99058721_rG_aA
4_102297894_A_G	4_102297894_rA_aG
4_102445017_A_T	4_102445017_rA_aT
4_103541808_A_G	4_103541808_rA_aG
4_103948506_A_C	4_103948506_rA_aC
4_105739718_G_A	4_105739718_rG_aA
4_111439475_C_A	4_111439475_rC_aA
4_111895232_A_T	4_111895232_rA_aT
4_112160984_G_T	4_112160984_rG_aT
4_112530486_T_G	4_112530486_rT_aG
4_112593939_T_A	4_112593939_rT_aA
4_112639701_G_A	4_112639701_rG_aA
4_112916259_T_A	4_112916259_rT_aA
4_113174829_C_A	4_113174829_rC_aA
4_114453064_T_C	4_114453064_rT_aC
4_115432977_C_A	4_115432977_rC_aA
4_116487671_T_C	4_116487671_rT_aC
4_116495517_A_G	4_116495517_rA_aG
4_116827715_T_A	4_116827715_rT_aA
4_117812817_A_G	4_117812817_rA_aG
4_119251044_G_A	4_119251044_rG_aA
4_119813019_G_A	4_119813019_rG_aA
4_120221976_A_T	4_120221976_rA_aT
4_122018211_A_C	4_122018211_rA_aC
4_122128650_T_C	4_122128650_rT_aC
4_122146875_T_C	4_122146875_rT_aC
4_123147143_C_T	4_123147143_rC_aT
4_125853165_T_C	4_125853165_rT_aC
4_126467477_T_C	4_126467477_rT_aC
4_127498938_G_A	4_127498938_rG_aA
4_130506788_A_C	4_130506788_rA_aC
4_131921888_A_G	4_131921888_rA_aG
4_132487031_A_T	4_132487031_rA_aT
4_132525833_A_G	4_132525833_rA_aG
4_133513289_A_G	4_133513289_rA_aG
4_134170669_G_C	4_134170669_rG_aC
4_137126819_G_A	4_137126819_rG_aA
4_137429215_T_C	4_137429215_rT_aC
4_137704442_C_G	4_137704442_rC_aG
4_137704443_T_C	4_137704443_rT_aC
4_138222263_T_A	4_138222263_rT_aA
4_138576538_G_C	4_138576538_rG_aC
4_139365041_T_A	4_139365041_rT_aA
4_141256940_G_T	4_141256940_rG_aT
4_143643633_T_C	4_143643633_rT_aC
4_144642689_C_A	4_144642689_rC_aA
4_145098852_A_C	4_145098852_rA_aC
4_145353288_C_A	4_145353288_rC_aA
4_146648315_G_A	4_146648315_rG_aA
4_147413530_T_C	4_147413530_rT_aC
4_147779295_C_T	4_147779295_rC_aT
4_147975856_A_G	4_147975856_rA_aG
4_150565273_G_A	4_150565273_rG_aA
4_157350059_C_T	4_157350059_rC_aT
4_159118422_T_C	4_159118422_rT_aC
4_159172084_A_C	4_159172084_rA_aC
4_162042322_G_C	4_162042322_rG_aC
4_163041987_T_G	4_163041987_rT_aG
4_163068512_A_T	4_163068512_rA_aT
4_163098095_A_T	4_163098095_rA_aT
4_163711508_G_C	4_163711508_rG_aC
4_163797249_T_C	4_163797249_rT_aC
4_164535618_A_T	4_164535618_rA_aT
4_164727507_C_G	4_164727507_rC_aG
4_165208579_C_T	4_165208579_rC_aT
4_167394231_C_A	4_167394231_rC_aA
4_171877768_T_A	4_171877768_rT_aA
4_172226268_C_T	4_172226268_rC_aT
4_172983664_G_A	4_172983664_rG_aA
4_173073494_A_T	4_173073494_rA_aT
4_175877294_A_T	4_175877294_rA_aT
4_176211736_G_A	4_176211736_rG_aA
4_176842436_A_T	4_176842436_rA_aT
4_178297864_G_A	4_178297864_rG_aA
4_179675016_A_T	4_179675016_rA_aT
4_180143858_C_T	4_180143858_rC_aT
4_180169849_A_G	4_180169849_rA_aG
4_180636835_T_A	4_180636835_rT_aA
4_181180708_A_T	4_181180708_rA_aT
4_181358771_C_T	4_181358771_rC_aT
4_181618332_G_C	4_181618332_rG_aC
4_182788089_C_A	4_182788089_rC_aA
4_183450853_G_C	4_183450853_rG_aC
4_185138145_G_A	4_185138145_rG_aA
4_187229552_C_T	4_187229552_rC_aT
4_188299044_C_T	4_188299044_rC_aT
4_188474477_G_T	4_188474477_rG_aT
4_189057901_A_G	4_189057901_rA_aG
4_189353174_A_T	4_189353174_rA_aT
4_190431842_T_C	4_190431842_rT_aC
4_190434696_A_G	4_190434696_rA_aG
5_1910206_C_T	5_1910206_rC_aT
5_3055184_G_T	5_3055184_rG_aT
5_3344610_G_T	5_3344610_rG_aT
5_3495798_A_G	5_3495798_rA_aG
5_4355539_A_C	5_4355539_rA_aC
5_4492931_C_T	5_4492931_rC_aT
5_4882318_T_G	5_4882318_rT_aG
5_5877521_T_C	5_5877521_rT_aC
5_6096254_T_C	5_6096254_rT_aC
5_6383373_G_C	5_6383373_rG_aC
5_7466731_C_A	5_7466731_rC_aA
5_7894185_C_G	5_7894185_rC_aG
5_8119390_G_C	5_8119390_rG_aC
5_8178499_A_T	5_8178499_rA_aT
5_8491746_C_T	5_8491746_rC_aT
5_9222394_A_C	5_9222394_rA_aC
5_10692559_G_A	5_10692559_rG_aA
5_11533816_A_T	5_11533816_rA_aT
5_12298786_C_G	5_12298786_rC_aG
5_13590793_A_T	5_13590793_rA_aT
5_15833497_C_G	5_15833497_rC_aG
5_15897925_G_A	5_15897925_rG_aA
5_16075915_G_A	5_16075915_rG_aA
5_16211687_C_A	5_16211687_rC_aA
5_18081237_G_C	5_18081237_rG_aC
5_18297960_A_T	5_18297960_rA_aT
5_18719063_G_T	5_18719063_rG_aT
5_18853751_G_T	5_18853751_rG_aT
5_18965953_T_C	5_18965953_rT_aC
5_19694493_T_A	5_19694493_rT_aA
5_20109566_A_G	5_20109566_rA_aG
5_20455601_A_T	5_20455601_rA_aT
5_20668311_G_T	5_20668311_rG_aT
5_22526602_G_C	5_22526602_rG_aC
5_23568531_T_C	5_23568531_rT_aC
5_23625874_T_A	5_23625874_rT_aA
5_24350028_C_A	5_24350028_rC_aA
5_24982077_T_A	5_24982077_rT_aA
5_25478416_T_C	5_25478416_rT_aC
5_25482046_T_C	5_25482046_rT_aC
5_25883994_T_C	5_25883994_rT_aC
5_26273704_G_T	5_26273704_rG_aT
5_26508604_G_C	5_26508604_rG_aC
5_26582071_G_T	5_26582071_rG_aT
5_27171273_A_G	5_27171273_rA_aG
5_27393038_C_A	5_27393038_rC_aA
5_27677812_A_G	5_27677812_rA_aG
5_27972509_A_G	5_27972509_rA_aG
5_28340161_A_C	5_28340161_rA_aC
5_29265826_T_A	5_29265826_rT_aA
5_29457647_C_T	5_29457647_rC_aT
5_35493181_T_C	5_35493181_rT_aC
5_39850680_G_A	5_39850680_rG_aA
5_42065184_T_C	5_42065184_rT_aC
5_42288324_C_T	5_42288324_rC_aT
5_44022124_G_T	5_44022124_rG_aT
5_50596509_A_C	5_50596509_rA_aC
5_50902968_G_A	5_50902968_rG_aA
5_56339376_C_T	5_56339376_rC_aT
5_59158514_G_A	5_59158514_rG_aA
5_59395201_G_T	5_59395201_rG_aT
5_60138826_A_G	5_60138826_rA_aG
5_62317279_A_C	5_62317279_rA_aC
5_62653528_T_G	5_62653528_rT_aG
5_66347019_A_G	5_66347019_rA_aG
5_66669838_T_C	5_66669838_rT_aC
5_71420060_A_G	5_71420060_rA_aG
5_72737569_A_G	5_72737569_rA_aG
5_75246660_G_A	5_75246660_rG_aA
5_75289542_G_A	5_75289542_rG_aA
5_76104253_A_C	5_76104253_rA_aC
5_79048147_G_T	5_79048147_rG_aT
5_83354451_G_T	5_83354451_rG_aT
5_84011577_T_A	5_84011577_rT_aA
5_84949195_A_G	5_84949195_rA_aG
5_85269408_A_C	5_85269408_rA_aC
5_86392851_C_A	5_86392851_rC_aA
5_86956794_A_T	5_86956794_rA_aT
5_87817593_C_A	5_87817593_rC_aA
5_87969117_T_G	5_87969117_rT_aG
5_88525264_G_A	5_88525264_rG_aA
5_88617485_T_A	5_88617485_rT_aA
5_88948733_C_G	5_88948733_rC_aG
5_91097874_T_C	5_91097874_rT_aC
5_91279830_C_T	5_91279830_rC_aT
5_91700029_T_C	5_91700029_rT_aC
5_92529712_C_T	5_92529712_rC_aT
5_94473366_T_C	5_94473366_rT_aC
5_97266605_A_T	5_97266605_rA_aT
5_98553046_C_T	5_98553046_rC_aT
5_99638369_G_C	5_99638369_rG_aC
5_102376172_A_G	5_102376172_rA_aG
5_102733093_A_C	5_102733093_rA_aC
5_104318776_G_T	5_104318776_rG_aT
5_107339360_G_C	5_107339360_rG_aC
5_109631596_C_A	5_109631596_rC_aA
5_109994780_C_T	5_109994780_rC_aT
5_110337819_G_A	5_110337819_rG_aA
5_113644986_C_T	5_113644986_rC_aT
5_116251361_A_T	5_116251361_rA_aT
5_117268258_G_C	5_117268258_rG_aC
5_119626800_G_T	5_119626800_rG_aT
5_120104602_A_G	5_120104602_rA_aG
5_121198708_A_T	5_121198708_rA_aT
5_124284428_G_C	5_124284428_rG_aC
5_124326694_C_T	5_124326694_rC_aT
5_127638310_A_T	5_127638310_rA_aT
5_128422030_C_T	5_128422030_rC_aT
5_128965384_C_A	5_128965384_rC_aA
5_135727873_G_A	5_135727873_rG_aA
5_136449219_G_C	5_136449219_rG_aC
5_136686522_G_A	5_136686522_rG_aA
5_137342313_A_C	5_137342313_rA_aC
5_139321187_T_C	5_139321187_rT_aC
5_141505939_T_A	5_141505939_rT_aA
5_141505941_T_A	5_141505941_rT_aA
5_142135610_T_C	5_142135610_rT_aC
5_143679277_A_T	5_143679277_rA_aT
5_144083835_G_T	5_144083835_rG_aT
5_144296544_C_T	5_144296544_rC_aT
5_144511004_G_A	5_144511004_rG_aA
5_146294934_C_T	5_146294934_rC_aT
5_150456666_T_G	5_150456666_rT_aG
5_150990357_G_T	5_150990357_rG_aT
5_151270315_C_A	5_151270315_rC_aA
5_152438046_A_C	5_152438046_rA_aC
5_152652327_A_T	5_152652327_rA_aT
5_152792087_C_T	5_152792087_rC_aT
5_153011611_G_T	5_153011611_rG_aT
5_154422215_G_A	5_154422215_rG_aA
5_155521309_G_T	5_155521309_rG_aT
5_157434098_T_A	5_157434098_rT_aA
5_158102281_T_A	5_158102281_rT_aA
5_158314193_G_A	5_158314193_rG_aA
5_158876226_A_C	5_158876226_rA_aC
5_163581719_G_C	5_163581719_rG_aC
5_164000797_C_G	5_164000797_rC_aG
5_164071175_T_A	5_164071175_rT_aA
5_164119424_G_A	5_164119424_rG_aA
5_164170022_T_C	5_164170022_rT_aC
5_164343120_C_T	5_164343120_rC_aT
5_164596030_T_C	5_164596030_rT_aC
5_164935233_C_A	5_164935233_rC_aA
5_165049690_G_T	5_165049690_rG_aT
5_165298038_A_T	5_165298038_rA_aT
5_165650240_G_C	5_165650240_rG_aC
5_165664848_G_T	5_165664848_rG_aT
5_165883578_C_T	5_165883578_rC_aT
5_166153628_G_A	5_166153628_rG_aA
5_166160975_A_T	5_166160975_rA_aT
5_166927213_G_T	5_166927213_rG_aT
5_167111926_G_T	5_167111926_rG_aT
5_169269672_A_T	5_169269672_rA_aT
5_176943269_G_C	5_176943269_rG_aC
5_176990677_C_T	5_176990677_rC_aT
5_177865777_G_A	5_177865777_rG_aA
5_180273526_A_T	5_180273526_rA_aT
6_6893418_G_A	6_6893418_rG_aA
6_8351582_C_T	6_8351582_rC_aT
6_8365263_C_A	6_8365263_rC_aA
6_11384748_G_C	6_11384748_rG_aC
6_12568031_A_G	6_12568031_rA_aG
6_14779733_T_A	6_14779733_rT_aA
6_15443300_C_T	6_15443300_rC_aT
6_16475649_A_C	6_16475649_rA_aC
6_20070357_C_G	6_20070357_rC_aG
6_20431877_G_T	6_20431877_rG_aT
6_22617985_C_G	6_22617985_rC_aG
6_22774802_G_A	6_22774802_rG_aA
6_23751072_C_A	6_23751072_rC_aA
6_26329423_C_T	6_26329423_rC_aT
6_28370372_C_T	6_28370372_rC_aT
6_28399344_G_A	6_28399344_rG_aA
6_29486963_G_T	6_29486963_rG_aT
6_30310739_C_T	6_30310739_rC_aT
6_34683471_G_T	6_34683471_rG_aT
6_36861194_A_C	6_36861194_rA_aC
6_44193939_C_G	6_44193939_rC_aG
6_44954346_A_C	6_44954346_rA_aC
6_45680258_G_C	6_45680258_rG_aC
6_47573867_C_G	6_47573867_rC_aG
6_47879277_G_T	6_47879277_rG_aT
6_48243608_T_C	6_48243608_rT_aC
6_48459939_C_A	6_48459939_rC_aA
6_48970527_G_T	6_48970527_rG_aT
6_49058895_A_G	6_49058895_rA_aG
6_49223485_A_T	6_49223485_rA_aT
6_49960393_C_T	6_49960393_rC_aT
6_50047475_C_A	6_50047475_rC_aA
6_50302371_C_A	6_50302371_rC_aA
6_50663762_G_A	6_50663762_rG_aA
6_50704065_A_G	6_50704065_rA_aG
6_51321338_C_T	6_51321338_rC_aT
6_54917624_T_A	6_54917624_rT_aA
6_55063295_C_A	6_55063295_rC_aA
6_55103332_A_T	6_55103332_rA_aT
6_55262981_G_T	6_55262981_rG_aT
6_56667944_G_A	6_56667944_rG_aA
6_62418170_A_C	6_62418170_rA_aC
6_63233719_G_A	6_63233719_rG_aA
6_64054429_G_C	6_64054429_rG_aC
6_64646514_C_A	6_64646514_rC_aA
6_64797558_G_A	6_64797558_rG_aA
6_64911858_C_A	6_64911858_rC_aA
6_65067132_G_C	6_65067132_rG_aC
6_65112204_C_T	6_65112204_rC_aT
6_65459436_T_A	6_65459436_rT_aA
6_65600666_T_A	6_65600666_rT_aA
6_66067232_C_A	6_66067232_rC_aA
6_66373348_A_G	6_66373348_rA_aG
6_66941128_A_T	6_66941128_rA_aT
6_67720957_A_G	6_67720957_rA_aG
6_67859169_A_G	6_67859169_rA_aG
6_68285926_T_G	6_68285926_rT_aG
6_69395890_C_A	6_69395890_rC_aA
6_69409636_A_G	6_69409636_rA_aG
6_70092881_A_T	6_70092881_rA_aT
6_70200519_C_A	6_70200519_rC_aA
6_70821480_T_G	6_70821480_rT_aG
6_72677267_A_G	6_72677267_rA_aG
6_73734257_T_G	6_73734257_rT_aG
6_78707156_G_T	6_78707156_rG_aT
6_78881671_T_A	6_78881671_rT_aA
6_79768826_C_T	6_79768826_rC_aT
6_80228822_A_C	6_80228822_rA_aC
6_82416036_C_A	6_82416036_rC_aA
6_84472875_C_A	6_84472875_rC_aA
6_85591366_C_T	6_85591366_rC_aT
6_86191780_C_A	6_86191780_rC_aA
6_88902652_C_T	6_88902652_rC_aT
6_89174915_A_T	6_89174915_rA_aT
6_89804695_T_C	6_89804695_rT_aC
6_91286843_A_G	6_91286843_rA_aG
6_91816855_A_T	6_91816855_rA_aT
6_92525241_G_T	6_92525241_rG_aT
6_93041583_T_C	6_93041583_rT_aC
6_93424509_G_T	6_93424509_rG_aT
6_94523229_T_C	6_94523229_rT_aC
6_94811991_G_T	6_94811991_rG_aT
6_95270681_A_C	6_95270681_rA_aC
6_95407772_G_T	6_95407772_rG_aT
6_95422289_T_A	6_95422289_rT_aA
6_96325711_T_G	6_96325711_rT_aG
6_96673610_G_C	6_96673610_rG_aC
6_97148763_C_G	6_97148763_rC_aG
6_98529647_T_C	6_98529647_rT_aC
6_98634500_C_T	6_98634500_rC_aT
6_98665235_T_A	6_98665235_rT_aA
6_99131535_A_G	6_99131535_rA_aG
6_99670555_C_G	6_99670555_rC_aG
6_101460357_A_G	6_101460357_rA_aG
6_101852752_A_G	6_101852752_rA_aG
6_101902886_G_A	6_101902886_rG_aA
6_102850298_A_T	6_102850298_rA_aT
6_102946743_G_T	6_102946743_rG_aT
6_103688934_T_A	6_103688934_rT_aA
6_104446762_G_A	6_104446762_rG_aA
6_113031720_G_A	6_113031720_rG_aA
6_113984578_A_G	6_113984578_rA_aG
6_114098596_C_T	6_114098596_rC_aT
6_117269250_G_A	6_117269250_rG_aA
6_118458253_A_G	6_118458253_rA_aG
6_120674369_C_G	6_120674369_rC_aG
6_120871201_C_T	6_120871201_rC_aT
6_123672044_A_G	6_123672044_rA_aG
6_125000157_G_C	6_125000157_rG_aC
6_125365530_T_G	6_125365530_rT_aG
6_126213310_C_G	6_126213310_rC_aG
6_128004261_C_G	6_128004261_rC_aG
6_128892155_T_A	6_128892155_rT_aA
6_130807183_G_A	6_130807183_rG_aA
6_130923365_A_G	6_130923365_rA_aG
6_134912674_G_A	6_134912674_rG_aA
6_139977487_A_T	6_139977487_rA_aT
6_141228184_A_G	6_141228184_rA_aG
6_142079850_A_T	6_142079850_rA_aT
6_145055788_A_C	6_145055788_rA_aC
6_146561172_G_A	6_146561172_rG_aA
6_148364514_A_T	6_148364514_rA_aT
6_152727438_G_C	6_152727438_rG_aC
6_152964300_C_T	6_152964300_rC_aT
6_153751077_T_C	6_153751077_rT_aC
6_154066223_A_T	6_154066223_rA_aT
6_154940474_A_T	6_154940474_rA_aT
6_164820240_T_C	6_164820240_rT_aC
6_165601776_C_A	6_165601776_rC_aA
6_169767831_G_T	6_169767831_rG_aT
6_170704379_C_A	6_170704379_rC_aA
7_900443_C_T	7_900443_rC_aT
7_1284499_T_C	7_1284499_rT_aC
7_4177198_C_T	7_4177198_rC_aT
7_7130824_G_T	7_7130824_rG_aT
7_9685817_C_T	7_9685817_rC_aT
7_9718700_T_C	7_9718700_rT_aC
7_11475195_C_T	7_11475195_rC_aT
7_12914341_A_G	7_12914341_rA_aG
7_13567005_C_A	7_13567005_rC_aA
7_13801368_A_G	7_13801368_rA_aG
7_15178723_T_G	7_15178723_rT_aG
7_17841187_C_T	7_17841187_rC_aT
7_18872846_G_A	7_18872846_rG_aA
7_20463886_C_T	7_20463886_rC_aT
7_21424713_A_G	7_21424713_rA_aG
7_26617259_C_T	7_26617259_rC_aT
7_28885558_C_T	7_28885558_rC_aT
7_28983878_A_G	7_28983878_rA_aG
7_32614276_T_G	7_32614276_rT_aG
7_34282404_G_A	7_34282404_rG_aA
7_34404089_G_T	7_34404089_rG_aT
7_37754214_G_A	7_37754214_rG_aA
7_40691177_G_C	7_40691177_rG_aC
7_42071825_T_C	7_42071825_rT_aC
7_50075449_A_G	7_50075449_rA_aG
7_50739966_T_G	7_50739966_rT_aG
7_52281327_C_T	7_52281327_rC_aT
7_52589421_G_A	7_52589421_rG_aA
7_53446092_C_T	7_53446092_rC_aT
7_54051668_C_T	7_54051668_rC_aT
7_54660655_G_C	7_54660655_rG_aC
7_54716423_A_C	7_54716423_rA_aC
7_62234390_C_A	7_62234390_rC_aA
7_68063409_C_T	7_68063409_rC_aT
7_86001838_G_T	7_86001838_rG_aT
7_88173861_A_G	7_88173861_rA_aG
7_92679837_A_T	7_92679837_rA_aT
7_95554721_A_T	7_95554721_rA_aT
7_96033860_C_T	7_96033860_rC_aT
7_96826901_A_T	7_96826901_rA_aT
7_96941439_A_G	7_96941439_rA_aG
7_97299572_C_T	7_97299572_rC_aT
7_97885888_C_T	7_97885888_rC_aT
7_106375308_T_A	7_106375308_rT_aA
7_106461739_G_A	7_106461739_rG_aA
7_108718359_C_T	7_108718359_rC_aT
7_109253607_T_G	7_109253607_rT_aG
7_110358349_T_A	7_110358349_rT_aA
7_112294276_G_T	7_112294276_rG_aT
7_113162242_C_T	7_113162242_rC_aT
7_113486788_A_G	7_113486788_rA_aG
7_114217349_A_T	7_114217349_rA_aT
7_114380297_C_G	7_114380297_rC_aG
7_115551885_G_T	7_115551885_rG_aT
7_118186604_C_T	7_118186604_rC_aT
7_121113386_T_A	7_121113386_rT_aA
7_121449183_C_T	7_121449183_rC_aT
7_121528383_G_T	7_121528383_rG_aT
7_121528399_G_C	7_121528399_rG_aC
7_122084791_A_G	7_122084791_rA_aG
7_122876226_G_A	7_122876226_rG_aA
7_123619371_A_G	7_123619371_rA_aG
7_124842700_T_C	7_124842700_rT_aC
7_125313154_A_T	7_125313154_rA_aT
7_125455123_T_G	7_125455123_rT_aG
7_125475821_T_G	7_125475821_rT_aG
7_125594926_C_G	7_125594926_rC_aG
7_125778103_T_G	7_125778103_rT_aG
7_137594189_G_A	7_137594189_rG_aA
7_137760008_A_T	7_137760008_rA_aT
7_141564956_T_G	7_141564956_rT_aG
7_143582056_C_T	7_143582056_rC_aT
7_144443057_C_T	7_144443057_rC_aT
7_145926271_G_T	7_145926271_rG_aT
7_146205366_C_A	7_146205366_rC_aA
7_146435187_C_A	7_146435187_rC_aA
7_146569837_T_C	7_146569837_rT_aC
7_146586254_T_C	7_146586254_rT_aC
7_146637026_G_C	7_146637026_rG_aC
7_146795165_C_T	7_146795165_rC_aT
7_150166216_G_A	7_150166216_rG_aA
7_150514630_T_A	7_150514630_rT_aA
7_150658797_C_A	7_150658797_rC_aA
7_150758691_C_G	7_150758691_rC_aG
7_152055409_C_T	7_152055409_rC_aT
7_154803470_A_G	7_154803470_rA_aG
7_155001952_C_A	7_155001952_rC_aA
7_155260083_C_T	7_155260083_rC_aT
7_157366142_T_A	7_157366142_rT_aA
7_157730960_T_A	7_157730960_rT_aA
7_159123536_C_G	7_159123536_rC_aG
8_2049911_G_A	8_2049911_rG_aA
8_2636700_A_G	8_2636700_rA_aG
8_4456611_T_A	8_4456611_rT_aA
8_5403318_T_A	8_5403318_rT_aA
8_5468576_T_C	8_5468576_rT_aC
8_5707094_A_T	8_5707094_rA_aT
8_10773360_G_A	8_10773360_rG_aA
8_14336314_C_A	8_14336314_rC_aA
8_15430303_G_A	8_15430303_rG_aA
8_15882222_A_T	8_15882222_rA_aT
8_20116902_G_A	8_20116902_rG_aA
8_23728997_A_G	8_23728997_rA_aG
8_23965953_C_A	8_23965953_rC_aA
8_24927552_G_A	8_24927552_rG_aA
8_25184306_A_G	8_25184306_rA_aG
8_29638068_G_A	8_29638068_rG_aA
8_34390233_C_T	8_34390233_rC_aT
8_35195387_G_T	8_35195387_rG_aT
8_35641661_A_G	8_35641661_rA_aG
8_35701328_A_T	8_35701328_rA_aT
8_35900414_A_G	8_35900414_rA_aG
8_40168899_G_T	8_40168899_rG_aT
8_41195701_C_A	8_41195701_rC_aA
8_41587674_C_T	8_41587674_rC_aT
8_42670090_C_T	8_42670090_rC_aT
8_43425204_T_G	8_43425204_rT_aG
8_49682911_G_T	8_49682911_rG_aT
8_51521136_C_A	8_51521136_rC_aA
8_52483648_T_A	8_52483648_rT_aA
8_53887171_T_C	8_53887171_rT_aC
8_55575069_G_A	8_55575069_rG_aA
8_57990689_G_T	8_57990689_rG_aT
8_58062019_G_A	8_58062019_rG_aA
8_58152385_T_C	8_58152385_rT_aC
8_58599434_C_G	8_58599434_rC_aG
8_59021256_G_A	8_59021256_rG_aA
8_60661025_G_T	8_60661025_rG_aT
8_63184981_T_C	8_63184981_rT_aC
8_64777355_G_A	8_64777355_rG_aA
8_65179739_G_C	8_65179739_rG_aC
8_65242672_T_C	8_65242672_rT_aC
8_65638766_C_T	8_65638766_rC_aT
8_67580549_T_C	8_67580549_rT_aC
8_72186505_A_C	8_72186505_rA_aC
8_73473061_A_G	8_73473061_rA_aG
8_76526459_T_C	8_76526459_rT_aC
8_77031625_C_A	8_77031625_rC_aA
8_77098941_T_C	8_77098941_rT_aC
8_77943177_C_T	8_77943177_rC_aT
8_78176109_C_A	8_78176109_rC_aA
8_78205812_G_T	8_78205812_rG_aT
8_79087695_G_T	8_79087695_rG_aT
8_79575385_A_T	8_79575385_rA_aT
8_81246083_A_G	8_81246083_rA_aG
8_82215496_C_T	8_82215496_rC_aT
8_85997495_G_C	8_85997495_rG_aC
8_86854955_G_T	8_86854955_rG_aT
8_88075834_C_A	8_88075834_rC_aA
8_88393866_A_T	8_88393866_rA_aT
8_88724605_G_T	8_88724605_rG_aT
8_88728162_A_G	8_88728162_rA_aG
8_88730395_T_C	8_88730395_rT_aC
8_88929057_G_C	8_88929057_rG_aC
8_89254552_C_T	8_89254552_rC_aT
8_89513085_T_C	8_89513085_rT_aC
8_91252498_A_G	8_91252498_rA_aG
8_91643152_G_A	8_91643152_rG_aA
8_93447277_A_T	8_93447277_rA_aT
8_94600745_G_T	8_94600745_rG_aT
8_98431156_G_A	8_98431156_rG_aA
8_99901311_T_A	8_99901311_rT_aA
8_105842111_A_G	8_105842111_rA_aG
8_106993578_C_T	8_106993578_rC_aT
8_108335829_A_C	8_108335829_rA_aC
8_108699106_G_A	8_108699106_rG_aA
8_109924017_T_G	8_109924017_rT_aG
8_110087527_A_G	8_110087527_rA_aG
8_111145055_T_A	8_111145055_rT_aA
8_111150958_C_T	8_111150958_rC_aT
8_111564782_A_G	8_111564782_rA_aG
8_112472706_T_A	8_112472706_rT_aA
8_113058152_G_C	8_113058152_rG_aC
8_113127564_T_C	8_113127564_rT_aC
8_113449142_T_C	8_113449142_rT_aC
8_115035317_A_T	8_115035317_rA_aT
8_115751282_C_A	8_115751282_rC_aA
8_115960468_C_A	8_115960468_rC_aA
8_118593708_A_T	8_118593708_rA_aT
8_121897981_T_A	8_121897981_rT_aA
8_126485534_C_T	8_126485534_rC_aT
8_127504691_G_T	8_127504691_rG_aT
8_132847594_G_T	8_132847594_rG_aT
8_133694175_C_T	8_133694175_rC_aT
8_134395046_G_A	8_134395046_rG_aA
8_135044653_C_A	8_135044653_rC_aA
8_135139466_C_A	8_135139466_rC_aA
8_135369445_T_C	8_135369445_rT_aC
8_136941669_G_T	8_136941669_rG_aT
8_137468059_T_A	8_137468059_rT_aA
8_137538240_C_A	8_137538240_rC_aA
8_138213092_C_T	8_138213092_rC_aT
8_138458547_T_C	8_138458547_rT_aC
8_138770283_T_C	8_138770283_rT_aC
8_139037545_G_A	8_139037545_rG_aA
8_139230707_A_G	8_139230707_rA_aG
8_139855509_G_A	8_139855509_rG_aA
8_140726601_A_G	8_140726601_rA_aG
8_141481080_G_T	8_141481080_rG_aT
8_142729694_G_A	8_142729694_rG_aA
8_143830104_C_A	8_143830104_rC_aA
9_744340_G_A	9_744340_rG_aA
9_1509025_A_G	9_1509025_rA_aG
9_1749297_G_T	9_1749297_rG_aT
9_1789383_A_G	9_1789383_rA_aG
9_1912362_A_T	9_1912362_rA_aT
9_3456278_C_A	9_3456278_rC_aA
9_8990041_T_A	9_8990041_rT_aA
9_9186172_T_G	9_9186172_rT_aG
9_9988041_G_T	9_9988041_rG_aT
9_11400056_C_T	9_11400056_rC_aT
9_11573354_T_C	9_11573354_rT_aC
9_11727960_G_T	9_11727960_rG_aT
9_12432419_T_C	9_12432419_rT_aC
9_14218630_G_A	9_14218630_rG_aA
9_14723351_T_C	9_14723351_rT_aC
9_15549700_T_C	9_15549700_rT_aC
9_15876360_G_C	9_15876360_rG_aC
9_20560478_G_A	9_20560478_rG_aA
9_22392753_C_T	9_22392753_rC_aT
9_23460962_G_A	9_23460962_rG_aA
9_23601381_G_A	9_23601381_rG_aA
9_24046284_T_C	9_24046284_rT_aC
9_24558978_G_T	9_24558978_rG_aT
9_24558992_G_A	9_24558992_rG_aA
9_25200593_G_T	9_25200593_rG_aT
9_25570935_G_A	9_25570935_rG_aA
9_27488787_G_A	9_27488787_rG_aA
9_28218919_A_T	9_28218919_rA_aT
9_28536875_C_G	9_28536875_rC_aG
9_28577403_A_T	9_28577403_rA_aT
9_28697064_G_C	9_28697064_rG_aC
9_28913777_T_C	9_28913777_rT_aC
9_30086339_G_T	9_30086339_rG_aT
9_30911569_C_A	9_30911569_rC_aA
9_32793686_C_T	9_32793686_rC_aT
9_37014748_G_A	9_37014748_rG_aA
9_71486621_G_C	9_71486621_rG_aC
9_72383521_T_C	9_72383521_rT_aC
9_73919102_G_C	9_73919102_rG_aC
9_74017711_T_A	9_74017711_rT_aA
9_74292789_C_T	9_74292789_rC_aT
9_76372677_T_A	9_76372677_rT_aA
9_77304644_A_T	9_77304644_rA_aT
9_78327438_G_A	9_78327438_rG_aA
9_80635773_A_G	9_80635773_rA_aG
9_81311383_T_C	9_81311383_rT_aC
9_82608075_G_T	9_82608075_rG_aT
9_83088985_A_T	9_83088985_rA_aT
9_83156542_G_C	9_83156542_rG_aC
9_83601339_G_A	9_83601339_rG_aA
9_85098229_C_G	9_85098229_rC_aG
9_88198880_C_G	9_88198880_rC_aG
9_96740641_G_A	9_96740641_rG_aA
9_96762688_A_G	9_96762688_rA_aG
9_100905518_G_A	9_100905518_rG_aA
9_105304016_T_A	9_105304016_rT_aA
9_105349269_T_C	9_105349269_rT_aC
9_106668843_G_T	9_106668843_rG_aT
9_106849016_T_A	9_106849016_rT_aA
9_107056352_C_T	9_107056352_rC_aT
9_111298177_G_A	9_111298177_rG_aA
9_112379819_C_G	9_112379819_rC_aG
9_113166905_G_T	9_113166905_rG_aT
9_118377393_C_T	9_118377393_rC_aT
9_118462386_A_G	9_118462386_rA_aG
9_119733435_A_T	9_119733435_rA_aT
9_119750593_T_C	9_119750593_rT_aC
9_120138539_G_A	9_120138539_rG_aA
9_120199823_C_A	9_120199823_rC_aA
9_120942385_G_T	9_120942385_rG_aT
9_121299970_C_A	9_121299970_rC_aA
9_121640689_A_T	9_121640689_rA_aT
9_121921332_A_T	9_121921332_rA_aT
9_122094920_A_G	9_122094920_rA_aG
9_122341446_G_A	9_122341446_rG_aA
9_124362200_G_A	9_124362200_rG_aA
9_125272552_C_G	9_125272552_rC_aG
9_128637365_C_T	9_128637365_rC_aT
9_128853250_G_A	9_128853250_rG_aA
9_129625707_C_G	9_129625707_rC_aG
9_129632173_T_G	9_129632173_rT_aG
9_137369463_G_A	9_137369463_rG_aA
9_140385449_G_A	9_140385449_rG_aA
10_1994541_C_T	10_1994541_rC_aT
10_2019476_G_A	10_2019476_rG_aA
10_2667862_A_G	10_2667862_rA_aG
10_2968589_A_G	10_2968589_rA_aG
10_4343217_T_C	10_4343217_rT_aC
10_6520869_C_T	10_6520869_rC_aT
10_8602589_C_G	10_8602589_rC_aG
10_10207122_T_C	10_10207122_rT_aC
10_10277622_A_T	10_10277622_rA_aT
10_10820538_T_G	10_10820538_rT_aG
10_18248761_C_T	10_18248761_rC_aT
10_18332224_T_A	10_18332224_rT_aA
10_20012174_A_G	10_20012174_rA_aG
10_21385302_G_T	10_21385302_rG_aT
10_22207185_T_A	10_22207185_rT_aA
10_22482692_G_A	10_22482692_rG_aA
10_22718502_C_T	10_22718502_rC_aT
10_25787546_G_T	10_25787546_rG_aT
10_30074908_C_G	10_30074908_rC_aG
10_30905827_T_C	10_30905827_rT_aC
10_36727303_G_T	10_36727303_rG_aT
10_37610924_G_A	10_37610924_rG_aA
10_50006122_C_A	10_50006122_rC_aA
10_50838380_A_C	10_50838380_rA_aC
10_53598530_A_G	10_53598530_rA_aG
10_53598543_C_G	10_53598543_rC_aG
10_53940960_G_A	10_53940960_rG_aA
10_55153776_T_G	10_55153776_rT_aG
10_56516319_T_G	10_56516319_rT_aG
10_58173961_C_G	10_58173961_rC_aG
10_58346869_T_G	10_58346869_rT_aG
10_58410823_C_G	10_58410823_rC_aG
10_58510966_G_T	10_58510966_rG_aT
10_60505233_A_G	10_60505233_rA_aG
10_61782480_T_C	10_61782480_rT_aC
10_63813136_C_G	10_63813136_rC_aG
10_64516131_C_T	10_64516131_rC_aT
10_65285686_G_A	10_65285686_rG_aA
10_66751241_A_G	10_66751241_rA_aG
10_67658789_T_C	10_67658789_rT_aC
10_67816877_T_C	10_67816877_rT_aC
10_67820071_C_T	10_67820071_rC_aT
10_68265076_T_A	10_68265076_rT_aA
10_68744196_T_C	10_68744196_rT_aC
10_68767513_A_C	10_68767513_rA_aC
10_68999468_G_T	10_68999468_rG_aT
10_71259784_T_A	10_71259784_rT_aA
10_72070479_G_A	10_72070479_rG_aA
10_73131917_G_A	10_73131917_rG_aA
10_77813893_C_T	10_77813893_rC_aT
10_80205685_C_G	10_80205685_rC_aG
10_81366630_G_T	10_81366630_rG_aT
10_82183896_C_G	10_82183896_rC_aG
10_84067406_C_G	10_84067406_rC_aG
10_87068473_C_T	10_87068473_rC_aT
10_88048509_G_A	10_88048509_rG_aA
10_92216514_G_A	10_92216514_rG_aA
10_92216516_A_G	10_92216516_rA_aG
10_92223968_G_A	10_92223968_rG_aA
10_92466787_T_C	10_92466787_rT_aC
10_94448895_C_A	10_94448895_rC_aA
10_97019437_A_T	10_97019437_rA_aT
10_107265648_A_G	10_107265648_rA_aG
10_107732031_G_A	10_107732031_rG_aA
10_108000757_A_T	10_108000757_rA_aT
10_108015337_G_A	10_108015337_rG_aA
10_109256634_A_G	10_109256634_rA_aG
10_110183015_A_G	10_110183015_rA_aG
10_111176744_G_C	10_111176744_rG_aC
10_111912273_C_T	10_111912273_rC_aT
10_116780338_G_T	10_116780338_rG_aT
10_119649748_C_T	10_119649748_rC_aT
10_122581565_G_A	10_122581565_rG_aA
10_123424779_C_T	10_123424779_rC_aT
10_123753080_G_A	10_123753080_rG_aA
10_124450896_C_T	10_124450896_rC_aT
10_125334435_A_G	10_125334435_rA_aG
10_127866653_A_C	10_127866653_rA_aC
10_129375781_C_G	10_129375781_rC_aG
10_133147449_C_T	10_133147449_rC_aT
10_133287329_T_A	10_133287329_rT_aA
10_133371774_G_A	10_133371774_rG_aA
11_299899_G_A	11_299899_rG_aA
11_2090755_T_C	11_2090755_rT_aC
11_5262786_A_C	11_5262786_rA_aC
11_12070057_G_A	11_12070057_rG_aA
11_17536162_T_C	11_17536162_rT_aC
11_17895353_A_T	11_17895353_rA_aT
11_21180081_G_A	11_21180081_rG_aA
11_21671645_C_A	11_21671645_rC_aA
11_22509625_T_C	11_22509625_rT_aC
11_22538791_A_G	11_22538791_rA_aG
11_23124868_T_C	11_23124868_rT_aC
11_23744238_A_T	11_23744238_rA_aT
11_24102689_C_A	11_24102689_rC_aA
11_24657964_C_T	11_24657964_rC_aT
11_24829715_T_A	11_24829715_rT_aA
11_25007068_T_C	11_25007068_rT_aC
11_25247559_C_T	11_25247559_rC_aT
11_25728440_C_T	11_25728440_rC_aT
11_25886844_T_C	11_25886844_rT_aC
11_26952577_T_A	11_26952577_rT_aA
11_27891402_C_G	11_27891402_rC_aG
11_29583256_G_T	11_29583256_rG_aT
11_30555266_G_A	11_30555266_rG_aA
11_33100292_G_A	11_33100292_rG_aA
11_36159351_G_C	11_36159351_rG_aC
11_40857295_C_T	11_40857295_rC_aT
11_41531368_T_G	11_41531368_rT_aG
11_41824338_G_T	11_41824338_rG_aT
11_41995023_A_G	11_41995023_rA_aG
11_42450158_G_T	11_42450158_rG_aT
11_45897417_G_A	11_45897417_rG_aA
11_55444191_A_C	11_55444191_rA_aC
11_56081849_G_A	11_56081849_rG_aA
11_59891554_T_C	11_59891554_rT_aC
11_64197481_G_A	11_64197481_rG_aA
11_68209288_G_T	11_68209288_rG_aT
11_68963089_T_A	11_68963089_rT_aA
11_71771702_G_A	11_71771702_rG_aA
11_72560389_A_G	11_72560389_rA_aG
11_73189174_G_A	11_73189174_rG_aA
11_74115230_C_T	11_74115230_rC_aT
11_77426262_C_T	11_77426262_rC_aT
11_77995601_C_G	11_77995601_rC_aG
11_80607395_C_G	11_80607395_rC_aG
11_81305019_C_G	11_81305019_rC_aG
11_81535974_C_G	11_81535974_rC_aG
11_81675715_T_C	11_81675715_rT_aC
11_83356345_A_G	11_83356345_rA_aG
11_83494504_C_T	11_83494504_rC_aT
11_83707157_A_C	11_83707157_rA_aC
11_83740297_A_G	11_83740297_rA_aG
11_84096429_A_T	11_84096429_rA_aT
11_84172190_G_C	11_84172190_rG_aC
11_84325915_A_T	11_84325915_rA_aT
11_84377080_T_A	11_84377080_rT_aA
11_86453764_G_C	11_86453764_rG_aC
11_87522188_T_G	11_87522188_rT_aG
11_88502311_C_A	11_88502311_rC_aA
11_89215266_G_A	11_89215266_rG_aA
11_90160960_C_A	11_90160960_rC_aA
11_91258835_C_T	11_91258835_rC_aT
11_91884273_G_C	11_91884273_rG_aC
11_91933390_G_T	11_91933390_rG_aT
11_97154251_T_A	11_97154251_rT_aA
11_97215149_G_T	11_97215149_rG_aT
11_97636275_C_A	11_97636275_rC_aA
11_97802171_G_T	11_97802171_rG_aT
11_98036995_G_A	11_98036995_rG_aA
11_98069916_C_A	11_98069916_rC_aA
11_98303518_T_A	11_98303518_rT_aA
11_98446293_G_T	11_98446293_rG_aT
11_98525323_C_A	11_98525323_rC_aA
11_98574014_T_A	11_98574014_rT_aA
11_102145064_C_T	11_102145064_rC_aT
11_106257629_G_A	11_106257629_rG_aA
11_108436256_G_A	11_108436256_rG_aA
11_109491173_C_A	11_109491173_rC_aA
11_110586457_C_T	11_110586457_rC_aT
11_110714785_A_T	11_110714785_rA_aT
11_110917844_T_C	11_110917844_rT_aC
11_112829134_T_C	11_112829134_rT_aC
11_112849381_C_T	11_112849381_rC_aT
11_113934076_G_A	11_113934076_rG_aA
11_114566084_G_A	11_114566084_rG_aA
11_114643881_C_T	11_114643881_rC_aT
11_116613645_A_G	11_116613645_rA_aG
11_116962972_A_C	11_116962972_rA_aC
11_117335362_G_A	11_117335362_rG_aA
11_124292276_A_T	11_124292276_rA_aT
11_124856849_T_C	11_124856849_rT_aC
11_125321183_T_A	11_125321183_rT_aA
11_126416025_G_A	11_126416025_rG_aA
11_126441930_T_A	11_126441930_rT_aA
11_126974154_A_G	11_126974154_rA_aG
11_127411796_C_T	11_127411796_rC_aT
11_128133092_C_T	11_128133092_rC_aT
11_131790370_C_T	11_131790370_rC_aT
11_131859267_T_C	11_131859267_rT_aC
11_132761806_G_A	11_132761806_rG_aA
12_2683841_C_A	12_2683841_rC_aA
12_5850445_G_T	12_5850445_rG_aT
12_12142620_A_G	12_12142620_rA_aG
12_14327207_G_A	12_14327207_rG_aA
12_14687185_G_A	12_14687185_rG_aA
12_16592485_C_A	12_16592485_rC_aA
12_18422593_A_T	12_18422593_rA_aT
12_19056412_G_A	12_19056412_rG_aA
12_20476435_C_T	12_20476435_rC_aT
12_23141456_T_A	12_23141456_rT_aA
12_23328293_C_T	12_23328293_rC_aT
12_31463620_G_A	12_31463620_rG_aA
12_34057623_A_C	12_34057623_rA_aC
12_40135734_C_A	12_40135734_rC_aA
12_40465614_T_A	12_40465614_rT_aA
12_49821550_A_C	12_49821550_rA_aC
12_52915227_C_T	12_52915227_rC_aT
12_59607455_T_G	12_59607455_rT_aG
12_60812422_T_A	12_60812422_rT_aA
12_61434066_G_A	12_61434066_rG_aA
12_61818662_A_G	12_61818662_rA_aG
12_62133358_C_G	12_62133358_rC_aG
12_63565907_T_C	12_63565907_rT_aC
12_65369340_G_T	12_65369340_rG_aT
12_67429520_C_G	12_67429520_rC_aG
12_72895536_A_G	12_72895536_rA_aG
12_75709168_T_C	12_75709168_rT_aC
12_82108488_T_C	12_82108488_rT_aC
12_85277039_G_A	12_85277039_rG_aA
12_85293064_G_T	12_85293064_rG_aT
12_85452937_T_C	12_85452937_rT_aC
12_85452940_T_G	12_85452940_rT_aG
12_92063473_C_T	12_92063473_rC_aT
12_93994011_C_G	12_93994011_rC_aG
12_96960842_G_A	12_96960842_rG_aA
12_97135670_C_T	12_97135670_rC_aT
12_98633614_A_C	12_98633614_rA_aC
12_103852278_C_T	12_103852278_rC_aT
12_104327235_C_T	12_104327235_rC_aT
12_106257108_C_G	12_106257108_rC_aG
12_108835525_G_T	12_108835525_rG_aT
12_108993165_C_A	12_108993165_rC_aA
12_113016689_A_T	12_113016689_rA_aT
12_113072622_G_A	12_113072622_rG_aA
12_113213178_C_G	12_113213178_rC_aG
12_113226401_G_A	12_113226401_rG_aA
12_113655051_C_T	12_113655051_rC_aT
12_114668879_G_C	12_114668879_rG_aC
12_115658824_A_G	12_115658824_rA_aG
12_119559302_G_A	12_119559302_rG_aA
12_120140814_C_T	12_120140814_rC_aT
12_127491430_G_A	12_127491430_rG_aA
12_127860546_C_T	12_127860546_rC_aT
12_128043079_C_A	12_128043079_rC_aA
12_128111568_G_C	12_128111568_rG_aC
12_128511582_C_T	12_128511582_rC_aT
12_128619779_G_A	12_128619779_rG_aA
12_130127911_G_A	12_130127911_rG_aA
13_22792553_T_A	13_22792553_rT_aA
13_23042126_T_C	13_23042126_rT_aC
13_23592872_G_A	13_23592872_rG_aA
13_26148196_G_T	13_26148196_rG_aT
13_27445172_C_A	13_27445172_rC_aA
13_28260140_A_G	13_28260140_rA_aG
13_29755616_G_A	13_29755616_rG_aA
13_32773234_G_T	13_32773234_rG_aT
13_33665103_C_T	13_33665103_rC_aT
13_34820938_T_C	13_34820938_rT_aC
13_35384282_G_A	13_35384282_rG_aA
13_37959368_C_T	13_37959368_rC_aT
13_41082532_C_T	13_41082532_rC_aT
13_47215136_G_C	13_47215136_rG_aC
13_52570920_T_C	13_52570920_rT_aC
13_53436536_C_A	13_53436536_rC_aA
13_53711959_C_T	13_53711959_rC_aT
13_54145508_C_A	13_54145508_rC_aA
13_54687177_C_T	13_54687177_rC_aT
13_55686248_T_C	13_55686248_rT_aC
13_55884710_T_A	13_55884710_rT_aA
13_56057120_T_C	13_56057120_rT_aC
13_56783462_G_A	13_56783462_rG_aA
13_56837668_C_T	13_56837668_rC_aT
13_56987428_G_T	13_56987428_rG_aT
13_57043425_A_T	13_57043425_rA_aT
13_57677257_G_A	13_57677257_rG_aA
13_58029909_G_T	13_58029909_rG_aT
13_58107671_C_T	13_58107671_rC_aT
13_58493552_C_G	13_58493552_rC_aG
13_59554741_G_A	13_59554741_rG_aA
13_59744871_C_T	13_59744871_rC_aT
13_59767144_C_G	13_59767144_rC_aG
13_59948869_A_T	13_59948869_rA_aT
13_60156116_C_T	13_60156116_rC_aT
13_61911378_A_G	13_61911378_rA_aG
13_61919683_G_T	13_61919683_rG_aT
13_61927355_G_A	13_61927355_rG_aA
13_63207933_G_T	13_63207933_rG_aT
13_63840110_T_A	13_63840110_rT_aA
13_64150868_T_A	13_64150868_rT_aA
13_64828025_C_T	13_64828025_rC_aT
13_65399322_A_T	13_65399322_rA_aT
13_65699040_C_T	13_65699040_rC_aT
13_65701244_T_C	13_65701244_rT_aC
13_66550343_A_T	13_66550343_rA_aT
13_66696097_G_T	13_66696097_rG_aT
13_66841129_G_T	13_66841129_rG_aT
13_67767874_G_A	13_67767874_rG_aA
13_67860531_A_C	13_67860531_rA_aC
13_67934733_C_A	13_67934733_rC_aA
13_68007326_G_T	13_68007326_rG_aT
13_68055581_G_T	13_68055581_rG_aT
13_69068621_C_A	13_69068621_rC_aA
13_69240581_A_G	13_69240581_rA_aG
13_69422866_T_A	13_69422866_rT_aA
13_69670217_A_G	13_69670217_rA_aG
13_69717910_G_A	13_69717910_rG_aA
13_69743786_T_A	13_69743786_rT_aA
13_69886617_T_C	13_69886617_rT_aC
13_70815724_C_T	13_70815724_rC_aT
13_71768820_C_G	13_71768820_rC_aG
13_72256634_G_A	13_72256634_rG_aA
13_72652746_C_A	13_72652746_rC_aA
13_75090089_C_T	13_75090089_rC_aT
13_75277640_T_A	13_75277640_rT_aA
13_78105699_C_T	13_78105699_rC_aT
13_79618426_A_G	13_79618426_rA_aG
13_80893528_T_C	13_80893528_rT_aC
13_81489257_C_T	13_81489257_rC_aT
13_81657868_G_C	13_81657868_rG_aC
13_82424880_T_A	13_82424880_rT_aA
13_82595159_T_A	13_82595159_rT_aA
13_82753121_A_T	13_82753121_rA_aT
13_83053831_G_A	13_83053831_rG_aA
13_83413534_C_A	13_83413534_rC_aA
13_83723046_A_T	13_83723046_rA_aT
13_84467056_A_T	13_84467056_rA_aT
13_85460820_G_A	13_85460820_rG_aA
13_85654006_C_A	13_85654006_rC_aA
13_86755052_C_T	13_86755052_rC_aT
13_87293152_G_T	13_87293152_rG_aT
13_87308195_A_G	13_87308195_rA_aG
13_87339042_T_A	13_87339042_rT_aA
13_87354821_T_C	13_87354821_rT_aC
13_87542356_T_A	13_87542356_rT_aA
13_90433444_G_T	13_90433444_rG_aT
13_91660496_G_A	13_91660496_rG_aA
13_92635832_C_G	13_92635832_rC_aG
13_94681734_T_C	13_94681734_rT_aC
13_96168480_C_A	13_96168480_rC_aA
13_96486076_G_C	13_96486076_rG_aC
13_97357798_G_T	13_97357798_rG_aT
13_97402780_C_G	13_97402780_rC_aG
13_102022217_C_A	13_102022217_rC_aA
13_102354607_G_C	13_102354607_rG_aC
13_102619754_G_C	13_102619754_rG_aC
13_102935828_C_A	13_102935828_rC_aA
13_104001417_A_G	13_104001417_rA_aG
13_104069958_T_C	13_104069958_rT_aC
13_104202927_A_G	13_104202927_rA_aG
13_105420604_T_C	13_105420604_rT_aC
13_106343440_T_G	13_106343440_rT_aG
13_107084350_G_A	13_107084350_rG_aA
13_107949801_A_T	13_107949801_rA_aT
13_108727894_C_G	13_108727894_rC_aG
13_109111218_G_A	13_109111218_rG_aA
13_109417745_T_A	13_109417745_rT_aA
13_109662068_G_T	13_109662068_rG_aT
13_109692084_G_A	13_109692084_rG_aA
13_109961983_G_C	13_109961983_rG_aC
13_110142920_C_T	13_110142920_rC_aT
13_112543208_T_A	13_112543208_rT_aA
13_112790505_C_T	13_112790505_rC_aT
13_113485298_G_C	13_113485298_rG_aC
14_26102702_G_T	14_26102702_rG_aT
14_26583971_C_A	14_26583971_rC_aA
14_26734472_T_C	14_26734472_rT_aC
14_27159893_C_T	14_27159893_rC_aT
14_27173368_T_A	14_27173368_rT_aA
14_28546443_G_A	14_28546443_rG_aA
14_32808962_T_C	14_32808962_rT_aC
14_37209128_C_A	14_37209128_rC_aA
14_38502296_C_A	14_38502296_rC_aA
14_38588869_G_T	14_38588869_rG_aT
14_39159614_G_T	14_39159614_rG_aT
14_40802629_G_A	14_40802629_rG_aA
14_42456962_T_C	14_42456962_rT_aC
14_42496018_G_T	14_42496018_rG_aT
14_42705665_C_T	14_42705665_rC_aT
14_42731417_C_T	14_42731417_rC_aT
14_42838772_A_T	14_42838772_rA_aT
14_43757019_T_C	14_43757019_rT_aC
14_45312435_T_G	14_45312435_rT_aG
14_46410181_C_T	14_46410181_rC_aT
14_47251566_G_A	14_47251566_rG_aA
14_52337894_A_G	14_52337894_rA_aG
14_56987007_G_A	14_56987007_rG_aA
14_58498345_C_T	14_58498345_rC_aT
14_60657523_T_C	14_60657523_rT_aC
14_63031025_G_A	14_63031025_rG_aA
14_63634524_T_C	14_63634524_rT_aC
14_63876473_G_T	14_63876473_rG_aT
14_66701702_G_T	14_66701702_rG_aT
14_69773895_C_T	14_69773895_rC_aT
14_70640809_G_A	14_70640809_rG_aA
14_72090677_C_G	14_72090677_rC_aG
14_78334658_C_T	14_78334658_rC_aT
14_79659947_C_G	14_79659947_rC_aG
14_79659959_G_T	14_79659959_rG_aT
14_79749910_A_T	14_79749910_rA_aT
14_80456724_G_C	14_80456724_rG_aC
14_80725294_G_C	14_80725294_rG_aC
14_80736712_G_A	14_80736712_rG_aA
14_86836561_G_T	14_86836561_rG_aT
14_86921469_C_G	14_86921469_rC_aG
14_86945331_C_T	14_86945331_rC_aT
14_87734983_G_A	14_87734983_rG_aA
14_87864571_T_C	14_87864571_rT_aC
14_88757475_G_T	14_88757475_rG_aT
14_92856814_C_T	14_92856814_rC_aT
14_92940046_G_A	14_92940046_rG_aA
14_93533855_C_T	14_93533855_rC_aT
14_97487492_G_C	14_97487492_rG_aC
14_97623634_G_A	14_97623634_rG_aA
14_98670027_G_A	14_98670027_rG_aA
14_101446428_T_G	14_101446428_rT_aG
14_104648281_G_A	14_104648281_rG_aA
14_106761649_T_G	14_106761649_rT_aG
15_24999013_C_T	15_24999013_rC_aT
15_27615967_G_T	15_27615967_rG_aT
15_31523569_A_T	15_31523569_rA_aT
15_36628805_A_T	15_36628805_rA_aT
15_37133700_C_T	15_37133700_rC_aT
15_39470444_C_T	15_39470444_rC_aT
15_39689474_G_C	15_39689474_rG_aC
15_40184760_G_A	15_40184760_rG_aA
15_41117749_A_G	15_41117749_rA_aG
15_41701826_G_C	15_41701826_rG_aC
15_42187843_G_A	15_42187843_rG_aA
15_45477115_C_T	15_45477115_rC_aT
15_46956380_G_T	15_46956380_rG_aT
15_48106838_C_T	15_48106838_rC_aT
15_51781072_T_C	15_51781072_rT_aC
15_52367174_C_G	15_52367174_rC_aG
15_53364254_C_G	15_53364254_rC_aG
15_53953870_T_C	15_53953870_rT_aC
15_54042023_C_T	15_54042023_rC_aT
15_54990785_C_G	15_54990785_rC_aG
15_55109377_C_G	15_55109377_rC_aG
15_60055840_C_T	15_60055840_rC_aT
15_61016260_T_C	15_61016260_rT_aC
15_66310086_T_A	15_66310086_rT_aA
15_73959910_T_C	15_73959910_rT_aC
15_77602912_G_C	15_77602912_rG_aC
15_78698703_C_T	15_78698703_rC_aT
15_78883187_C_G	15_78883187_rC_aG
15_81208710_G_A	15_81208710_rG_aA
15_82154706_G_T	15_82154706_rG_aT
15_82281014_G_T	15_82281014_rG_aT
15_87488113_G_A	15_87488113_rG_aA
15_88777825_C_G	15_88777825_rC_aG
15_89332541_C_G	15_89332541_rC_aG
15_90921102_G_T	15_90921102_rG_aT
15_91898136_G_T	15_91898136_rG_aT
15_94335245_T_G	15_94335245_rT_aG
15_95441984_A_G	15_95441984_rA_aG
15_97343112_G_A	15_97343112_rG_aA
15_98104055_G_T	15_98104055_rG_aT
15_98715417_T_G	15_98715417_rT_aG
15_100015928_C_T	15_100015928_rC_aT
15_100920759_C_T	15_100920759_rC_aT
15_101004495_C_A	15_101004495_rC_aA
15_102271709_C_G	15_102271709_rC_aG
16_4434210_C_T	16_4434210_rC_aT
16_5510912_G_T	16_5510912_rG_aT
16_5962733_T_G	16_5962733_rT_aG
16_6624018_A_G	16_6624018_rA_aG
16_6789397_A_C	16_6789397_rA_aC
16_7356161_G_T	16_7356161_rG_aT
16_7772710_A_G	16_7772710_rA_aG
16_9451350_T_C	16_9451350_rT_aC
16_13392745_G_A	16_13392745_rG_aA
16_15948148_T_C	16_15948148_rT_aC
16_16249390_C_T	16_16249390_rC_aT
16_17946875_G_A	16_17946875_rG_aA
16_19629829_A_G	16_19629829_rA_aG
16_19666470_C_T	16_19666470_rC_aT
16_20105746_C_T	16_20105746_rC_aT
16_24036184_G_C	16_24036184_rG_aC
16_24330234_G_T	16_24330234_rG_aT
16_25912410_G_A	16_25912410_rG_aA
16_27973168_G_T	16_27973168_rG_aT
16_47008142_C_T	16_47008142_rC_aT
16_51182565_C_T	16_51182565_rC_aT
16_51248589_C_T	16_51248589_rC_aT
16_51293951_G_C	16_51293951_rG_aC
16_54813086_C_G	16_54813086_rC_aG
16_55078624_T_C	16_55078624_rT_aC
16_55434162_C_T	16_55434162_rC_aT
16_56323604_G_C	16_56323604_rG_aC
16_60087185_G_T	16_60087185_rG_aT
16_60148627_G_C	16_60148627_rG_aC
16_60736404_T_G	16_60736404_rT_aG
16_61005722_A_G	16_61005722_rA_aG
16_61094484_T_C	16_61094484_rT_aC
16_61286578_A_T	16_61286578_rA_aT
16_61845986_A_T	16_61845986_rA_aT
16_62760350_G_A	16_62760350_rG_aA
16_62830550_G_A	16_62830550_rG_aA
16_63613346_T_A	16_63613346_rT_aA
16_64004516_C_T	16_64004516_rC_aT
16_64760627_T_A	16_64760627_rT_aA
16_65842306_A_G	16_65842306_rA_aG
16_67498783_C_T	16_67498783_rC_aT
16_71408424_C_T	16_71408424_rC_aT
16_72984481_C_T	16_72984481_rC_aT
16_76994727_C_T	16_76994727_rC_aT
16_78053591_G_T	16_78053591_rG_aT
16_81439328_C_T	16_81439328_rC_aT
16_81699178_A_G	16_81699178_rA_aG
16_82335371_T_C	16_82335371_rT_aC
16_83696862_C_T	16_83696862_rC_aT
16_86699841_C_T	16_86699841_rC_aT
16_87182082_G_T	16_87182082_rG_aT
16_89122759_T_A	16_89122759_rT_aA
17_1484769_G_C	17_1484769_rG_aC
17_6053460_T_A	17_6053460_rT_aA
17_6230773_T_C	17_6230773_rT_aC
17_32656114_G_C	17_32656114_rG_aC
17_33162776_G_T	17_33162776_rG_aT
17_35304871_C_T	17_35304871_rC_aT
17_35666344_G_C	17_35666344_rG_aC
17_48241168_T_G	17_48241168_rT_aG
17_50135483_T_C	17_50135483_rT_aC
17_50696293_C_G	17_50696293_rC_aG
17_54660400_G_T	17_54660400_rG_aT
17_57843978_G_C	17_57843978_rG_aC
17_61205969_G_T	17_61205969_rG_aT
17_67356645_G_T	17_67356645_rG_aT
17_68242263_G_T	17_68242263_rG_aT
17_68774272_A_G	17_68774272_rA_aG
17_77754325_G_A	17_77754325_rG_aA
18_853802_G_C	18_853802_rG_aC
18_2208736_A_G	18_2208736_rA_aG
18_5169435_C_A	18_5169435_rC_aA
18_6834564_A_G	18_6834564_rA_aG
18_8508284_A_G	18_8508284_rA_aG
18_20969997_A_G	18_20969997_rA_aG
18_24290783_C_T	18_24290783_rC_aT
18_25221127_G_A	18_25221127_rG_aA
18_27107084_C_A	18_27107084_rC_aA
18_27215037_G_A	18_27215037_rG_aA
18_27225251_C_T	18_27225251_rC_aT
18_29381305_C_G	18_29381305_rC_aG
18_29573363_C_A	18_29573363_rC_aA
18_31362104_T_G	18_31362104_rT_aG
18_31592179_G_A	18_31592179_rG_aA
18_32025527_G_A	18_32025527_rG_aA
18_32576480_G_T	18_32576480_rG_aT
18_34909050_C_G	18_34909050_rC_aG
18_35122790_G_T	18_35122790_rG_aT
18_35561302_A_G	18_35561302_rA_aG
18_35789802_C_G	18_35789802_rC_aG
18_37460433_G_T	18_37460433_rG_aT
18_38631367_T_A	18_38631367_rT_aA
18_38663360_G_A	18_38663360_rG_aA
18_38842449_A_G	18_38842449_rA_aG
18_41219458_G_T	18_41219458_rG_aT
18_41427167_G_A	18_41427167_rG_aA
18_41722669_C_T	18_41722669_rC_aT
18_42455726_A_C	18_42455726_rA_aC
18_44088508_G_T	18_44088508_rG_aT
18_44729216_G_A	18_44729216_rG_aA
18_44775126_G_A	18_44775126_rG_aA
18_48954395_G_A	18_48954395_rG_aA
18_50414429_A_T	18_50414429_rA_aT
18_51142957_T_C	18_51142957_rT_aC
18_58702782_T_A	18_58702782_rT_aA
18_63374004_C_T	18_63374004_rC_aT
18_66001029_T_C	18_66001029_rT_aC
18_66931651_A_T	18_66931651_rA_aT
18_67050986_A_C	18_67050986_rA_aC
18_68718051_A_G	18_68718051_rA_aG
18_70462687_A_G	18_70462687_rA_aG
18_73610398_A_T	18_73610398_rA_aT
18_74052728_C_A	18_74052728_rC_aA
18_74986831_T_C	18_74986831_rT_aC
18_75046914_C_T	18_75046914_rC_aT
18_76231297_C_T	18_76231297_rC_aT
18_76339330_T_C	18_76339330_rT_aC
18_77938588_G_A	18_77938588_rG_aA
19_9193679_C_T	19_9193679_rC_aT
19_15547417_G_C	19_15547417_rG_aC
19_18371231_T_C	19_18371231_rT_aC
19_29078398_C_A	19_29078398_rC_aA
19_29404136_G_A	19_29404136_rG_aA
19_29512615_G_A	19_29512615_rG_aA
19_30031958_G_A	19_30031958_rG_aA
19_30127330_G_C	19_30127330_rG_aC
19_30290889_G_A	19_30290889_rG_aA
19_31113595_C_T	19_31113595_rC_aT
19_31273774_A_T	19_31273774_rA_aT
19_31596635_G_T	19_31596635_rG_aT
19_31596854_G_C	19_31596854_rG_aC
19_31598562_G_A	19_31598562_rG_aA
19_31598988_G_A	19_31598988_rG_aA
19_31599411_G_T	19_31599411_rG_aT
19_31600674_G_T	19_31600674_rG_aT
19_31600795_G_A	19_31600795_rG_aA
19_31601666_G_C	19_31601666_rG_aC
19_31603071_G_A	19_31603071_rG_aA
19_31603331_G_A	19_31603331_rG_aA
19_31603563_G_C	19_31603563_rG_aC
19_31605328_G_C	19_31605328_rG_aC
19_31637094_C_T	19_31637094_rC_aT
19_31637807_C_T	19_31637807_rC_aT
19_31637982_C_A	19_31637982_rC_aA
19_31638204_C_G	19_31638204_rC_aG
19_31641194_C_A	19_31641194_rC_aA
19_31641821_C_G	19_31641821_rC_aG
19_31730257_A_G	19_31730257_rA_aG
19_32114354_G_T	19_32114354_rG_aT
19_40241866_T_C	19_40241866_rT_aC
19_41283805_C_T	19_41283805_rC_aT
19_41682326_C_T	19_41682326_rC_aT
19_46417511_C_A	19_46417511_rC_aA
19_46693768_C_T	19_46693768_rC_aT
19_46829785_G_T	19_46829785_rG_aT
19_54161127_G_A	19_54161127_rG_aA
19_55082647_C_T	19_55082647_rC_aT
19_57155247_G_A	19_57155247_rG_aA
19_57387240_T_A	19_57387240_rT_aA
19_57898521_C_T	19_57898521_rC_aT
20_671597_C_A	20_671597_rC_aA
20_4545203_G_A	20_4545203_rG_aA
20_6401362_A_G	20_6401362_rA_aG
20_7513972_C_A	20_7513972_rC_aA
20_9344002_G_T	20_9344002_rG_aT
20_11118424_G_A	20_11118424_rG_aA
20_11948526_A_G	20_11948526_rA_aG
20_12291619_C_T	20_12291619_rC_aT
20_13278180_C_G	20_13278180_rC_aG
20_14924549_A_T	20_14924549_rA_aT
20_17157059_G_A	20_17157059_rG_aA
20_17950440_A_G	20_17950440_rA_aG
20_20945079_G_A	20_20945079_rG_aA
20_21127205_C_T	20_21127205_rC_aT
20_22790979_G_A	20_22790979_rG_aA
20_23400519_A_C	20_23400519_rA_aC
20_37736858_T_A	20_37736858_rT_aA
20_37862923_C_T	20_37862923_rC_aT
20_38786788_T_G	20_38786788_rT_aG
20_40930974_C_A	20_40930974_rC_aA
20_41481307_T_C	20_41481307_rT_aC
20_41491513_G_T	20_41491513_rG_aT
20_41491523_A_T	20_41491523_rA_aT
20_41743868_C_T	20_41743868_rC_aT
20_46698930_C_T	20_46698930_rC_aT
20_55246148_C_A	20_55246148_rC_aA
20_61318570_G_A	20_61318570_rG_aA
21_16720102_C_G	21_16720102_rC_aG
21_16724684_C_G	21_16724684_rC_aG
21_20021878_G_A	21_20021878_rG_aA
21_21018870_A_G	21_21018870_rA_aG
21_21388618_A_T	21_21388618_rA_aT
21_21583375_C_T	21_21583375_rC_aT
21_22378128_A_C	21_22378128_rA_aC
21_22625304_G_A	21_22625304_rG_aA
21_22859890_C_T	21_22859890_rC_aT
21_23280685_T_C	21_23280685_rT_aC
21_23543984_A_G	21_23543984_rA_aG
21_24000939_G_A	21_24000939_rG_aA
21_24175962_C_T	21_24175962_rC_aT
21_24179915_C_G	21_24179915_rC_aG
21_24699680_T_A	21_24699680_rT_aA
21_24819334_G_A	21_24819334_rG_aA
21_24996466_T_C	21_24996466_rT_aC
21_25082547_A_T	21_25082547_rA_aT
21_29909945_G_T	21_29909945_rG_aT
21_30803838_C_T	21_30803838_rC_aT
21_31809858_A_C	21_31809858_rA_aC
21_32523206_G_A	21_32523206_rG_aA
21_33546945_T_G	21_33546945_rT_aG
21_33692785_G_A	21_33692785_rG_aA
21_36562784_G_C	21_36562784_rG_aC
21_36754198_A_G	21_36754198_rA_aG
21_37881542_G_A	21_37881542_rG_aA
21_37901257_T_G	21_37901257_rT_aG
21_39163865_A_G	21_39163865_rA_aG
21_42421182_C_G	21_42421182_rC_aG
21_44579718_A_C	21_44579718_rA_aC
21_45777981_G_A	21_45777981_rG_aA
21_46746786_G_C	21_46746786_rG_aC
21_46852487_T_A	21_46852487_rT_aA
22_26316641_A_G	22_26316641_rA_aG
22_26672541_A_G	22_26672541_rA_aG
22_27826696_T_A	22_27826696_rT_aA
22_30090459_G_A	22_30090459_rG_aA
22_33268019_G_A	22_33268019_rG_aA
22_34379379_T_G	22_34379379_rT_aG
22_48753546_T_A	22_48753546_rT_aA
22_49361963_A_C	22_49361963_rA_aC
10_112541237_A_T	10_112541237_rA_aT
10_11704591_C_T	10_11704591_rC_aT
10_5777338_T_G	10_5777338_rT_aG
10_80210783_C_T	10_80210783_rC_aT
11_33739002_C_T	11_33739002_rC_aT
11_37351145_C_T	11_37351145_rC_aT
11_38687924_A_T	11_38687924_rA_aT
11_69062839_C_T	11_69062839_rC_aT
11_7064898_T_A	11_7064898_rT_aA
12_103745440_G_A	12_103745440_rG_aA
12_117484451_C_T	12_117484451_rC_aT
12_51461545_G_A	12_51461545_rG_aA
12_5848357_G_C	12_5848357_rG_aC
13_44263161_A_T	13_44263161_rA_aT
13_53811341_C_T	13_53811341_rC_aT
13_63596631_T_C	13_63596631_rT_aC
13_78215019_C_T	13_78215019_rC_aT
13_84266086_A_T	13_84266086_rA_aT
14_23995889_C_T	14_23995889_rC_aT
14_37347213_A_T	14_37347213_rA_aT
14_89337958_A_G	14_89337958_rA_aG
15_46957466_G_C	15_46957466_rG_aC
15_49048502_T_C	15_49048502_rT_aC
15_85400381_G_A	15_85400381_rG_aA
16_17396990_A_G	16_17396990_rA_aG
16_17424730_G_A	16_17424730_rG_aA
16_2283162_G_A	16_2283162_rG_aA
16_23430104_A_G	16_23430104_rA_aG
16_79555300_A_T	16_79555300_rA_aT
17_13465428_C_T	17_13465428_rC_aT
17_15166660_G_A	17_15166660_rG_aA
17_50214027_C_A	17_50214027_rC_aA
17_7578406_C_T	17_7578406_rC_aT
18_41823577_A_C	18_41823577_rA_aC
18_66752529_C_T	18_66752529_rC_aT
19_15928428_G_A	19_15928428_rG_aA
19_37019181_G_A	19_37019181_rG_aA
1_160064905_G_A	1_160064905_rG_aA
1_200306608_C_A	1_200306608_rC_aA
1_200870237_G_A	1_200870237_rG_aA
1_24392640_A_G	1_24392640_rA_aG
1_48943236_A_G	1_48943236_rA_aG
1_6676850_G_T	1_6676850_rG_aT
1_74540760_A_T	1_74540760_rA_aT
1_9097848_C_T	1_9097848_rC_aT
20_20392678_G_A	20_20392678_rG_aA
21_38309208_G_A	21_38309208_rG_aA
2_100096669_C_A	2_100096669_rC_aA
2_103879320_G_A	2_103879320_rG_aA
2_147231618_C_T	2_147231618_rC_aT
2_147287841_A_T	2_147287841_rA_aT
2_179472362_T_C	2_179472362_rT_aC
2_179605586_G_T	2_179605586_rG_aT
2_183279505_G_A	2_183279505_rG_aA
2_195437326_C_A	2_195437326_rC_aA
2_199980984_G_C	2_199980984_rG_aC
2_24930528_G_C	2_24930528_rG_aC
2_28521021_G_A	2_28521021_rG_aA
2_37406686_A_C	2_37406686_rA_aC
3_102912412_A_T	3_102912412_rA_aT
3_122869098_C_T	3_122869098_rC_aT
3_136945880_G_T	3_136945880_rG_aT
3_153840612_G_T	3_153840612_rG_aT
3_21158655_C_T	3_21158655_rC_aT
3_27346442_C_T	3_27346442_rC_aT
3_45447311_G_A	3_45447311_rG_aA
3_66345210_A_G	3_66345210_rA_aG
3_76177985_T_C	3_76177985_rT_aC
3_77695206_G_T	3_77695206_rG_aT
3_79337345_G_T	3_79337345_rG_aT
3_97550037_C_A	3_97550037_rC_aA
4_106599060_C_T	4_106599060_rC_aT
4_131209908_C_T	4_131209908_rC_aT
4_15299209_G_T	4_15299209_rG_aT
4_186947512_T_C	4_186947512_rT_aC
4_43995168_G_A	4_43995168_rG_aA
5_129265350_A_C	5_129265350_rA_aC
5_144554583_T_C	5_144554583_rT_aC
5_162424876_C_T	5_162424876_rC_aT
5_166029994_C_T	5_166029994_rC_aT
5_23666278_T_G	5_23666278_rT_aG
5_24118379_T_C	5_24118379_rT_aC
5_45041674_T_C	5_45041674_rT_aC
5_8131735_T_C	5_8131735_rT_aC
5_94335906_G_T	5_94335906_rG_aT
6_85579098_C_A	6_85579098_rC_aA
7_110412802_C_G	7_110412802_rC_aG
7_140510749_T_C	7_140510749_rT_aC
7_81877436_T_C	7_81877436_rT_aC
7_86813833_G_A	7_86813833_rG_aA
7_96307880_A_T	7_96307880_rA_aT
8_104955507_A_T	8_104955507_rA_aT
8_113339964_G_A	8_113339964_rG_aA
8_113365031_C_A	8_113365031_rC_aA
8_113412293_A_T	8_113412293_rA_aT
8_114225881_T_A	8_114225881_rT_aA
8_114377854_G_T	8_114377854_rG_aT
8_116187784_G_C	8_116187784_rG_aC
8_122641005_T_C	8_122641005_rT_aC
8_20661859_G_T	8_20661859_rG_aT
8_33011214_A_G	8_33011214_rA_aG
8_36201828_C_A	8_36201828_rC_aA
8_52157078_G_C	8_52157078_rG_aC
8_62987883_T_A	8_62987883_rT_aA
8_64097997_A_G	8_64097997_rA_aG
8_68973004_C_A	8_68973004_rC_aA
9_109688285_G_A	9_109688285_rG_aA
9_11044594_T_A	9_11044594_rT_aA
9_125330100_A_G	9_125330100_rA_aG
9_139872084_C_A	9_139872084_rC_aA
9_4778674_G_A	9_4778674_rG_aA
9_7689780_T_A	9_7689780_rT_aA
