mutation_id	clone_id
13_78215019_rC_aT	0
8_52157078_rG_aC	0
3_76177985_rT_aC	0
17_13465428_rC_aT	0
13_63596631_rT_aC	0
5_24118379_rT_aC	0
13_53811341_rC_aT	0
9_139872084_rC_aA	0
5_45041674_rT_aC	0
8_62987883_rT_aA	0
2_24930528_rG_aC	0
2_195437326_rC_aA	0
5_23666278_rT_aG	0
8_114225881_rT_aA	0
12_117484451_rC_aT	0
11_33739002_rC_aT	0
7_96307880_rA_aT	0
3_66345210_rA_aG	0
9_11044594_rT_aA	0
12_103745440_rG_aA	0
11_7064898_rT_aA	0
8_113339964_rG_aA	0
8_68973004_rC_aA	0
8_113365031_rC_aA	0
2_179605586_rG_aT	0
3_27346442_rC_aT	0
17_15166660_rG_aA	0
15_49048502_rT_aC	0
8_64097997_rA_aG	0
15_85400381_rG_aA	0
18_41823577_rA_aC	0
5_94335906_rG_aT	0
15_46957466_rG_aC	0
10_5777338_rT_aG	0
9_109688285_rG_aA	0
8_20661859_rG_aT	0
8_104955507_rA_aT	0
13_84266086_rA_aT	0
1_160064905_rG_aA	0
21_38309208_rG_aA	0
2_179472362_rT_aC	0
8_36201828_rC_aA	0
7_140510749_rT_aC	0
4_15299209_rG_aT	0
14_89337958_rA_aG	0
9_125330100_rA_aG	0
7_81877436_rT_aC	0
3_97550037_rC_aA	0
2_103879320_rG_aA	0
3_122869098_rC_aT	0
1_9097848_rC_aT	0
11_37351145_rC_aT	0
3_21158655_rC_aT	0
17_7578406_rC_aT	0
4_106599060_rC_aT	0
8_122641005_rT_aC	0
11_69062839_rC_aT	0
10_112541237_rA_aT	0
5_8131735_rT_aC	1
16_23430104_rA_aG	1
2_100096669_rC_aA	1
8_116187784_rG_aC	1
8_33011214_rA_aG	1
3_102912412_rA_aT	1
17_50214027_rC_aA	1
5_162424876_rC_aT	1
3_77695206_rG_aT	1
1_24392640_rA_aG	1
2_147231618_rC_aT	1
3_79337345_rG_aT	1
12_51461545_rG_aA	1
5_144554583_rT_aC	1
2_199980984_rG_aC	1
2_183279505_rG_aA	1
8_113412293_rA_aT	1
3_45447311_rG_aA	1
2_28521021_rG_aA	1
20_20392678_rG_aA	1
1_74540760_rA_aT	1
16_2283162_rG_aA	1
3_136945880_rG_aT	1
1_200306608_rC_aA	2
4_131209908_rC_aT	2
19_15928428_rG_aA	2
10_80210783_rC_aT	2
19_37019181_rG_aA	2
9_4778674_rG_aA	2
8_114377854_rG_aT	2
12_5848357_rG_aC	2
18_66752529_rC_aT	2
2_147287841_rA_aT	2
4_43995168_rG_aA	2
1_48943236_rA_aG	2
3_153840612_rG_aT	2
1_200870237_rG_aA	2
6_85579098_rC_aA	2
14_23995889_rC_aT	2
16_17424730_rG_aA	2
5_166029994_rC_aT	2
5_129265350_rA_aC	2
10_11704591_rC_aT	2
4_186947512_rT_aC	2
2_37406686_rA_aC	2
1_6676850_rG_aT	2
16_17396990_rA_aG	2
11_38687924_rA_aT	2
13_44263161_rA_aT	2
9_7689780_rT_aA	2
7_86813833_rG_aA	2
7_110412802_rC_aG	2
14_37347213_rA_aT	2
16_79555300_rA_aT	2
